PCA,AvgICA,crossISI
1.7416923828125,236.158468619792,2.97682958984375
