,term,net_val
0,19,-0.014323221702209437
1,The,0.00942938907524606
2,SRuhle,0.00939197511525031
3,Trump,0.0072375433454349
4,COVID,-0.004477421890957826
5,strategy,0.004463246607373187
6,on,0.004187750308018986
7,Administration,0.002097684512216028
