,term,net_val
0,coronavirus,0.015620116422589748
1,updates,-0.013617482456176704
2,Public,0.00931657558333883
3,at,0.008992937394318905
4,the,0.008777188462154441
5,19,-0.008412750057773605
6,Health,-0.0063910013928884825
7,on,0.0048495674598672735
8,s,-0.0035450378368305836
9,please,0.0022519930646501206
10,COVID,-0.002168907512133232
11,latest,-0.0006921106533384527
12,visit,0.0005046665663536374
13,website,0.000225578160688487
14,For,0.0001598892960661911
