,term,net_val
0,Misinformation,0.0651487619220888
1,Coronavirus,0.039193156144670845
2,Sets,0.021111077124936196
3,Battle,0.019921420862884662
4,Plan,0.01507932968353784
5,Out,0.014998153151543766
6,Facebook,-0.00020272839745514123
