,term,net_val
0,the,0.018860502267951117
1,now,0.013018563040983635
2,Canada,-0.009329064288049761
3,First,0.006260125436670622
4,19,-0.006091581896601904
5,case,0.005436710418887818
6,in,0.004147085136560679
7,Covid,-0.004100022276863252
8,cleared,0.001905183537820743
9,virus,-0.0015686957566534375
10,of,-0.0008859765043919165
