,term,net_val
0,has,0.04684524765260447
1,Tom,0.03406660123776028
2,coronavirus,0.02716441729071471
3,Trump,0.023253661801997248
4,covid19,-0.019232886709889055
5,Since,0.019186352105435532
6,cancelled,0.016167255261963075
7,Hanks,0.015778140880941448
8,from,0.012919323897571113
9,NBA,0.012828027470172934
10,banned,0.011436186306169232
11,Europe,0.011415970241777793
12,9pm,-0.008382721062540706
13,travel,-0.003509091011435448
14,season,0.0015023558934192612
