,term,net_val
0,Brunswick,-0.005833533355308609
1,schools,0.004930286803732911
2,19,-0.004597566215116449
3,for,0.003880815202374147
4,amid,0.00342819962627518
5,New,-0.0029745981117628786
6,outbreak,-0.0019390638350596766
7,COVID,-0.0016980932561635577
8,weeks,-0.0016070035644042354
9,International,0.0015843748445805751
10,to,0.0014301293030254236
11,2,0.0012458561434199775
12,ordered,0.0010766856877661099
13,travellers,-0.00040218165853335793
14,avoid,0.0002673774874187305
