,term,net_val
0,Zuckerberg,0.030544156126113917
1,misinformation,0.028380206739565993
2,to,0.015231828897714992
3,on,0.013720479637290164
4,pledges,0.009550197116199713
5,19,-0.008849314573084107
6,Facebook,-0.008356097254378029
7,stop,0.007278021098331994
8,LOCAL,-0.004988258261694912
9,COVID,0.00039224488853077097
10,BEYOND,0.00010922259344972459
