,term,net_val
0,the,0.060663512295358886
1,severity,-0.0427867867713873
2,What,0.03374263924193995
3,of,-0.03181421529175364
4,have,0.024235318346469897
5,and,0.012295204932687945
6,about,0.009667882136819291
7,coronavirus,0.007816998977784836
8,spread,0.006512204394215931
9,learned,0.0057333016981881415
10,researchers,-0.0003157262932347385
