,term,net_val
0,Says,0.06236944835028013
1,Coronavirus,0.05523525547903758
2,Could,0.04345754001955828
3,TMZ,0.042236886100790905
4,2020,0.015139930755692959
5,Be,0.013131493340127353
6,Outbreak,0.008608631631259333
7,via,0.00803476162316825
8,Official,-0.00724793523746467
9,Canceled,-0.0066922920906683225
10,Over,0.004207884438756129
11,Olympics,0.0012540252535253398
