,term,net_val
0,how,0.04378620395199162
1,coronavirus,0.040312518258560325
2,can,0.029775214638021876
3,Here,0.016324563618554645
4,all,0.01504597599441341
5,s,0.012820780872996368
6,scenarios,0.012520545383902348
7,for,0.008925391584807468
8,be,0.004981065906252974
9,possible,0.004704202199272097
10,prepared,0.002127742162997015
11,Canadians,-0.0014728705039749597
