,term,net_val
0,COVID,-0.07676079406140542
1,ArOEa0YQV1,-0.049264576982773645
2,more,-0.0456604245476079
3,19,-0.042729450636545534
4,co,-0.037261774721324116
5,Elad,-0.03624542790720474
6,Coronavirus,0.03198813060252183
7,Blog,-0.02850007359896479
8,Startups,-0.024921517643497874
9,for,0.019523492685467634
10,see,-0.01877408444018546
11,t,-0.017222056044982757
12,Top,-0.015883225283070693
13,story,-0.00908025456087584
14,PSA,-0.008879983310578833
15,https,-0.003916971833510887
