,term,net_val
0,misinformation,0.10651626225575127
1,Coronavirus,0.06163718126950216
2,is,0.04943385829028846
3,over,0.04221622164773792
4,all,0.03712422783257102
5,spreading,0.01607784375655558
6,social,0.015585531687318603
7,media,0.009237319067862078
