,term,net_val
0,COVID2019,-0.02785976758659253
1,Coronavirus,0.02213169915986866
2,China,0.01838131007974811
3,show,0.018027334109388324
4,amid,0.012038714341371243
5,pollution,0.011719665474633855
6,slowdown,-0.008423518138120789
7,images,0.00813700928738402
8,Nasa,0.004318492048558987
9,clear,0.002725503362627161
