,term,net_val
0,The,0.018821634173057836
1,19,-0.01618172288711371
2,have,0.009196980347166603
3,due,0.008027316157357632
4,COVID,-0.006250265413241423
5,2020,0.005841073642969887
6,canceled,0.0051603739836484416
7,to,0.0035261781591410506
8,Awards,-0.0017575093982238738
9,been,0.0007785445361239745
10,JUNO,0.00064808100929962
