,term,net_val
0,scaring,0.12654121548104694
1,talk,0.08592846433591969
2,How,0.07847426731458758
3,them,0.07321334799738934
4,your,0.06690582340772239
5,you,0.06290449520034605
6,too,0.0563669058840999
7,do,0.04541816190800751
8,19,-0.04250227307043016
9,much,0.04158511634464421
10,about,0.028772613072155524
11,kids,0.028624966097340103
12,COVID,-0.014794551715871
13,to,0.005996441147904794
14,without,-0.005642723793708219
