,term,net_val
0,COVID,-0.009758480798797063
1,19,-0.003998307077111252
2,cases,0.00315789917717245
3,of,0.0029733652856175647
4,BC,0.002356133781833483
5,more,-0.0015234769595896607
6,announces,0.0008424243456332526
7,Coronviru,0.0003802176473902296
