,term,net_val
0,25,-0.0381015687077008
1,cases,-0.0334765708061525
2,Coronavirus,0.03342953530395108
3,show,0.02942898181315845
4,have,0.025880482333661588
5,in,0.02469846410351398
6,them,0.02393082724281839
7,to,0.023688171475004054
8,115,-0.020630424814654394
9,of,0.017926802871282253
10,risen,-0.017650296366806206
11,figures,0.016689769868636063
12,with,0.014694983064540507
13,the,0.00803286336148773
14,London,-0.00714768656410084
15,UK,0.0026889864488104233
16,new,0.002114454007432527
