,term,net_val
0,who,0.15412840641213174
1,has,0.09577411916163232
2,Really,0.09534006481695244
3,the,0.07992057316559979
4,doc,0.07341749271825423
5,never,0.06381882946242236
6,SARS,0.056170115162644196
7,a,0.05595783786644388
8,from,0.04841603968108601
9,for,0.03385687740138497
10,experienced,-0.027874816858818787
11,important,0.024174022590947145
12,one,0.022924488410595082
13,thoughts,0.011397039226224035
14,crisis,-0.007118605568500113
15,coronavirus,0.0034725835329466534
