,term,net_val
0,Covid_19,-0.08419606979383965
1,Ignorance,0.08241063534010076
2,coronavirus,0.0644764521140485
3,The,0.05551485705666246
4,contagious,0.04530545222806744
5,misinformed,0.04207506742806614
6,being,0.041943978128555805
7,is,0.03204805962529697
8,of,-0.00733248964500603
9,dangers,-0.003505763686155626
