,term,net_val
0,Ontario,-0.005376585636333377
1,had,0.0048229735834732085
2,19,-0.004609455463584722
3,case,0.004192855498006726
4,to,0.0040343204081083675
5,Vegas,-0.00385288840196573
6,COVID,-0.001665244917718202
7,reports,-0.0014166776329073095
8,new,-0.0009767245254898673
9,Las,-0.0007534153299408066
10,patient,-0.0004972010192824336
11,travelled,-0.0001504068913545995
