,term,net_val
0,COVID19,-0.05451236898929777
1,What,0.046502211951389545
2,coronavirus,0.04433673146305061
3,WHO,0.03794369644252858
4,know,0.032332108393643234
5,the,0.01879172001957499
6,about,0.014474518799309007
7,novel,-0.013273153276556007
8,AFP,-0.010855883147327716
9,via,0.009519283504645135
10,From,0.005934114640543102
