,term,net_val
0,misinformation,0.09373734316591134
1,and,0.06589232277515704
2,WHO,0.05896510939736642
3,Google,0.04349648253598208
4,coronavirus,0.03977872901146358
5,Facebook,0.0337518771187233
6,to,0.0320120665803334
7,how,0.03178832234251749
8,with,0.030737078624990737
9,figure,0.02592627965516471
10,Amazon,-0.024338196831143608
11,stop,-0.0201759287338487
12,met,0.01752061324092794
13,out,0.010971003065250309
14,more,-0.0024674738847530525
