,term,net_val
0,PharmaTechFocus,0.03649993674893507
1,misinformation,0.029647794367559828
2,Covid,-0.026673251293794272
3,how,0.02173362132768587
4,could,0.020871519353121263
5,via,0.009137377774066802
6,19,-0.0077973694238533
7,fuel,0.00623913552982438
8,global,0.006036322116667747
9,outbreak,-0.004185055256472202
10,panic,0.0008202816143404444
