,term,net_val
0,A,0.06713923165316431
1,man,0.06694570779283367
2,case,0.05780620856280313
3,his,0.05716417630414641
4,who,0.05184039370944781
5,coronavirus,0.051148528533149676
6,is,0.04866280393704511
7,Iran,0.04619732986814497
8,Ontario,-0.03820009326892231
9,confirmed,-0.03566563067760754
10,50s,0.02807508376859823
11,in,0.027117979159369903
12,seventh,-0.02690715761650215
13,traveled,0.01544185634152492
14,to,-0.010310980474471503
15,s,-0.008394220061930807
