,term,net_val
0,coronavirus,0.1253062767290274
1,has,0.11984981764443908
2,a,0.09060141959364078
3,COVID19,-0.0895708692907098
4,THIS,0.08010765589942033
5,it,0.07491123374682224
6,and,0.05503113343393523
7,case,0.047095072314952614
8,JUST,0.0332519970919815
9,doctor,0.030941679517346613
10,s,0.020642050029917536
11,first,-0.004962744012569344
12,its,0.003950945103927253
13,Halton,0.003058803078847847
14,IN,-0.0005373542860461995
