,term,net_val
0,gouging,0.05690317412389676
1,coronavirus,0.03220984995849221
2,misleading,0.031231370420366816
3,price,0.0292149546739936
4,Amazon,-0.022306538045446724
5,million,0.01842671795849781
6,removes,0.016811200786771584
7,for,0.016723246186362655
8,claims,0.01619082948393827
9,products,0.016160827387956257
10,amid,0.015014425272283305
11,1,0.00529111550397929
12,outbreak,0.0030302474447724092
