,term,net_val
0,misinformation,0.054330963787691006
1,Chinese,0.04391791716845153
2,dispel,0.0395635999548293
3,to,0.03580877348545282
4,19,-0.032320903445311994
5,among,0.028808518044285688
6,community,0.022861147206926547
7,try,0.017281923012241938
8,COVID,-0.01728009303620223
9,Columbia,-0.01578882959557942
10,Canadian,0.015278892350504001
11,officials,0.01283933250958027
12,health,-0.01278004831785182
13,British,0.010950442432683564
