,term,net_val
0,his,0.04939334688128432
1,have,0.0398826769337781
2,19,-0.03671457989856859
3,wife,0.03305351553614522
4,Tom,0.028868060815229253
5,be,0.026779135945175316
6,just,0.014604032467261026
7,Hanks,0.013454091340243567
8,confirmed,-0.00924343144280729
9,care,-0.008732892151749579
10,CoVid,-0.007314993416782454
11,of,0.006497861050864263
12,and,0.0009402813507463479
