,term,net_val
0,covid19,-0.02483934119269845
1,Ontario,-0.024387552769721144
2,March,-0.021700333304125775
3,coronavirus,0.02153291314348791
4,cdnhealth,0.008773934766094978
5,BREAKING,0.00864045557558116
6,after,0.0056992307668134335
7,schools,0.005530114971357025
8,closed,0.0052685624641061884
9,Break,0.00244434229796785
10,ordered,0.0002897609708139384
