,term,net_val
0,coronavirus,0.015475076830434005
1,CP24,-0.011334523077213698
2,people,0.009659043229267491
3,but,0.008343372413472914
4,for,0.005088994922319173
5,eight,-0.0048654291727632994
6,Breaking,0.0037364719521253867
7,Ontario,-0.0034859024773333707
8,all,0.0030402770771295793
9,infection,-0.0029475920884836104
10,News,-0.002688376544299626
11,s,-0.002172397889385185
12,possible,0.0017823240837367231
13,Toronto,0.00036248449643338945
14,clears,-5.755957500820806e-05
