,term,net_val
0,have,0.05375128857269502
1,coronavirus,0.05034244300687376
2,Daniele,0.04698155493818176
3,has,0.04426795798574482
4,tested,-0.03248616787140905
5,announced,-0.030728024552406422
6,Juventus,0.03026063231100763
7,positive,-0.029431638478666037
8,Rugani,0.01055673443654211
9,for,-0.006000505127003107
10,that,-0.0029890313293844195
