,term,net_val
0,covid19,-0.046601066237728674
1,coronavirus,0.03442579798847261
2,Alberta,-0.028369217642717808
3,has,0.01790795993512607
4,its,0.015893029476681725
5,first,-0.010471422190168634
6,presumptive,0.007068911254043674
7,of,0.00383599000560552
8,Breaking,0.0029920138197458493
9,case,0.0008836362678400733
