,term,net_val
0,minister,0.06705309347930126
1,coronavirus,0.05803820452347577
2,is,0.04549811104044311
3,and,0.04267820153907219
4,she,0.040172194751792435
5,Nadine,0.03842639512685609
6,tested,-0.038133760638220354
7,has,0.035155425368474005
8,says,0.030914873623449777
9,self,0.02295522917106506
10,isolating,-0.016020677787096045
11,positive,-0.013617406046182473
12,Health,-0.00874360186060157
13,Dorries,0.005611353332253353
14,for,0.005460442815720944
