,term,net_val
0,19,-0.007097501541581264
1,questions,0.005854953357861579
2,COVID,-0.00437873289252505
3,Your,0.003830160737968597
4,related,-0.0014865229476188093
5,answered,0.001474516757519904
6,travel,0.0008280814172537499
