,term,net_val
0,19,-0.03403984408570681
1,to,0.024631975684769162
2,tells,0.019229741540791098
3,and,0.01868746838737073
4,homes,0.018366088234067917
5,for,0.015403879205162941
6,Ontario,-0.013914161682681087
7,screen,0.013328156942045971
8,COVID,-0.010927285779645756
9,care,0.009720026511145213
10,long,0.005890951590383754
11,term,-0.004078309658745707
12,all,0.0027060857720415023
13,visitors,0.0025265217385216274
14,residents,-0.001719915125989845
15,staff,-0.00031455019850338243
