,term,net_val
0,coronavirus,0.029860033698539547
1,of,0.018554605008821185
2,Die,0.01704859486089392
3,James,0.016726673177729055
4,Release,-0.013767817650827947
5,film,0.013553372370303863
6,Time,0.011387938453552555
7,No,0.011380560908124362
8,Bond,0.01029973891730128
9,News,0.010157221276877073
10,fears,0.009593621072943793
11,To,0.007139544820001651
12,delayed,0.006250064025741276
13,amid,0.004448265326032377
14,BBC,0.0029003262550582336
