,term,net_val
0,cases,0.002590890105609559
1,first,0.0014172331569597299
2,19,-0.0012838771100350554
3,Kuwait,0.001217469663390014
4,reports,0.0003630222918842946
5,COVID,-0.00020072552609068936
