,term,net_val
0,about,0.02830662030811179
1,news,0.02288493008900123
2,coronavirus,0.020038745479622
3,fake,0.01975514555815355
4,in,-0.018226949134931465
5,arrested,0.01508372452986642
6,Malaysia,0.011737052467000662
7,for,0.008328073880408264
8,spreading,0.007975500582190997
9,Five,0.003747319841492752
