,term,net_val
0,to,0.06199623193579332
1,led,0.04126905955191801
2,coronavirus,0.0353475900168544
3,from,0.03304718462070845
4,for,0.027317160820464512
5,prepares,-0.025264119875870544
6,800,0.025029474038107197
7,China,0.021369670968822252
8,over,0.02090916350766574
9,WHO,0.01949883055504757
10,team,0.01135926013723841
11,as,0.010630498591295936
12,leave,-0.008701150878648936
13,climb,0.005926700561723621
14,Deaths,-0.004439383575194904
