,term,net_val
0,but,0.025304572543959406
1,Trump,0.022536117018847147
2,19,-0.017798721862747308
3,From,0.01581182608725385
4,Is,0.01556504229787995
5,Already,0.009145074692679089
6,Here,0.00865867911563177
7,Europe,0.0039118210792659655
8,Bans,0.002947378523542204
9,Covid,-0.0024767652004211095
10,Travel,-0.0024100456754595862
