,term,net_val
0,could,0.015539622926155417
1,19,-0.00942379810308024
2,after,0.008051567840529775
3,due,0.007481275558930803
4,Festival,0.007394777995338438
5,to,0.006397317561004424
6,cancellations,-0.0061894588961671606
7,nixed,0.005455375285195128
8,COVID,-0.0049453274056325625
9,spiral,0.004638187101436774
10,SXSW,0.0028961458088174073
11,fears,0.0015580144286435076
