,term,net_val
0,Wuhan,0.03909935296649641
1,Coronavirus,0.032679401377251144
2,as,0.030187041320770686
3,1900,0.024274451088558906
4,director,0.02227681741486982
5,to,-0.0172083820496179
6,hospital,0.015448345409171612
7,media,0.013087081342159836
8,toll,-0.012601774346977724
9,global,-0.006779822394751869
10,of,0.006279557563904986
11,death,-0.005115409322614552
12,State,0.004555737996342357
13,almost,0.00397647731621095
14,rises,0.003273290818221237
15,reports,-0.0004785753081931461
