,term,net_val
0,BCC2020,-0.14301885415587837
1,Full,-0.07924168368007142
2,best,-0.0727614667298824
3,weeks,-0.05901574710596436
4,has,0.052186037059252226
5,for,-0.0442333966953372
6,postpone,-0.042376649487412384
7,The,0.04072282810717118
8,we,0.038367034159025044
9,few,0.03544654495771876
10,post,-0.028000608237366272
11,the,-0.02555168217638416
12,registration,-0.02306260974401896
13,news,-0.022425988187234038
14,Bioinformatics,0.020190636456949046
15,Conference,-0.019972330146308497
16,to,-0.01889612992171628
17,conference,0.01846149775780646
18,community,0.016622294007851
19,figure,0.016479847470410112
20,decided,0.013582532168677991
21,our,0.01256010480567428
22,while,-0.012522224146305057
23,what,0.008452945156202759
24,here,-0.006044878539585278
25,a,0.005920174363972317
26,s,-0.0024512848775831864
27,out,0.0023117434079599525
28,Community,-0.00017944473204694133
