,term,net_val
0,a,0.016855093850204894
1,19,-0.016556138656443585
2,if,0.013814171565993351
3,is,0.01172859352298826
4,tell,0.009619096716300965
5,How,0.009295281104909224
6,cold,0.007842092356437928
7,to,0.0037923124545159205
8,COVID,0.0017541431822133003
