,fold_num,train_auc,train_accuracy,train_recall_macro,train_precision_macro,train_f1_macro,tune_auc,tune_accuracy,tune_recall_macro,tune_precision_macro,tune_f1_macro,test_auc,test_accuracy,test_recall_macro,test_precision_macro,test_f1_macro,C,break_ties,cache_size,class_weight,coef0,decision_function_shape,degree,gamma,kernel,max_iter,probability,random_state,shrinking,tol,verbose
0,Fold 1,0.9979792966534317,0.9761904761904762,0.9764605785592739,0.9761904761904763,0.9761871013465627,0.9057692307692307,0.8214285714285714,0.8128205128205128,0.8388888888888889,0.8155467720685112,0.9123086734693877,0.8571428571428571,0.8571428571428572,0.858974358974359,0.8569604086845466,1.0,False,200,,0.0,ovr,3,scale,rbf,-1,True,,True,0.001,False
1,Fold 2,0.9784708608091248,0.9166666666666666,0.9119942969167706,0.9239628800939002,0.91521268925739,0.9432658309225329,0.8392857142857143,0.8476374156219865,0.8503401360544218,0.8392344497607656,0.9404296875,0.8125,0.8333333333333333,0.8396351575456054,0.8123653769445552,0.001,False,200,,0.0,ovr,3,scale,linear,-1,True,,True,0.001,False
2,Fold 3,0.994330262225372,0.9642857142857143,0.9642097802976612,0.9644072603516733,0.9642743221690591,0.9736168851934761,0.9107142857142857,0.9133354653022066,0.9133354653022066,0.9107142857142857,0.9336523125996811,0.8928571428571429,0.8918660287081339,0.8979591836734694,0.8923076923076922,1.0,False,200,,0.0,ovr,3,scale,rbf,-1,True,,True,0.001,False
3,Fold 4,0.9610827302398184,0.8273809523809523,0.8220519369944657,0.8587008060692272,0.8216952129995608,0.962962962962963,0.7767857142857143,0.7844827586206897,0.8417721518987342,0.7686524002313475,0.9243589743589744,0.7232142857142857,0.7378205128205129,0.7753246753246753,0.7166870665034679,0.1,False,200,,0.0,ovr,3,scale,rbf,-1,True,,True,0.001,False
4,Fold 5,0.9715332882610398,0.5327380952380952,0.5,0.2663690476190476,0.34757281553398056,0.91015625,0.42857142857142855,0.5,0.21428571428571427,0.3,0.9491525423728815,0.4732142857142857,0.5,0.23660714285714285,0.3212121212121212,0.001,False,200,,0.0,ovr,3,scale,rbf,-1,True,,True,0.001,False
