,test_auc,test_accuracy,test_recall_macro,test_precision_macro,test_f1_macro
0,0.931980438060185,0.7517857142857143,0.7640325464009675,0.7217001036750503,0.7199065331304767
