,fold_num,train_auc,train_accuracy,train_recall_macro,train_precision_macro,train_f1_macro,tune_auc,tune_accuracy,tune_recall_macro,tune_precision_macro,tune_f1_macro,test_auc,test_accuracy,test_recall_macro,test_precision_macro,test_f1_macro,C,break_ties,cache_size,class_weight,coef0,decision_function_shape,degree,gamma,kernel,max_iter,probability,random_state,shrinking,tol,verbose
0,Fold 1,0.7815867838910948,0.6875,0.6878190584231423,0.687772461456672,0.6874972319411843,0.6346153846153846,0.6160714285714286,0.610897435897436,0.6132569558101473,0.6108282828282828,0.6725127551020408,0.5892857142857143,0.5892857142857143,0.5897435897435898,0.5887611749680715,10,False,200,,0.0,ovr,3,scale,poly,-1,True,,True,0.001,False
1,Fold 2,0.7856531812511138,0.6934523809523809,0.6742291926572803,0.738671875,0.6630020935780709,0.7171327547412407,0.5892857142857143,0.616522018643523,0.6770884220810942,0.5619047619047619,0.7685546875,0.6607142857142857,0.6979166666666667,0.7471544715447155,0.6517184942716858,10,False,200,,0.0,ovr,3,scale,poly,-1,True,,True,0.001,False
2,Fold 3,0.7406272147413182,0.6458333333333334,0.6442593905031893,0.6553876102141303,0.638765166641069,0.7521586184841702,0.6875,0.6928365845858651,0.6986166007905139,0.6862745098039216,0.7547049441786284,0.7232142857142857,0.7210526315789474,0.7357142857142858,0.718158941472522,10,False,200,,0.0,ovr,3,scale,poly,-1,True,,True,0.001,False
3,Fold 4,0.7675429260678303,0.6815476190476191,0.684227330779055,0.6875067701751219,0.6807303275995276,0.7602171136653896,0.7142857142857143,0.7132822477650065,0.7141025641025641,0.7134633834346018,0.7126602564102564,0.6071428571428571,0.5974358974358974,0.6055555555555556,0.5942028985507246,10,False,200,,0.0,ovr,3,scale,poly,-1,True,,True,0.001,False
4,Fold 5,0.7787246913140946,0.7053571428571429,0.6995872326797851,0.7072188562139796,0.6999756473739751,0.7311197916666667,0.6339285714285714,0.640625,0.6381515829868883,0.6331975397395959,0.801726894787336,0.7321428571428571,0.7352094659417973,0.7364191578270652,0.7320574162679425,10,False,200,,0.0,ovr,3,scale,poly,-1,True,,True,0.001,False
