,fold_num,train_auc,train_accuracy,train_recall_macro,train_precision_macro,train_f1_macro,tune_auc,tune_accuracy,tune_recall_macro,tune_precision_macro,tune_f1_macro,test_auc,test_accuracy,test_recall_macro,test_precision_macro,test_f1_macro,C,break_ties,cache_size,class_weight,coef0,decision_function_shape,degree,gamma,kernel,max_iter,probability,random_state,shrinking,tol,verbose
0,Fold 1,0.9565726035167329,0.9255952380952381,0.9259075439591604,0.9256811820146689,0.9255893061202796,0.8894230769230769,0.8214285714285714,0.8179487179487179,0.8229166666666667,0.8193548387096774,0.9005102040816326,0.8392857142857143,0.8392857142857143,0.8392857142857143,0.8392857142857143,1.0,False,200,,0.0,ovr,3,scale,sigmoid,-1,True,,True,0.001,False
1,Fold 2,0.9410621992514703,0.8422619047619048,0.8318125111388344,0.8678283546704599,0.8357301650262436,0.9337833494053359,0.7767857142857143,0.7918675666988106,0.8152777777777778,0.7746116075022137,0.9163411458333334,0.8035714285714286,0.828125,0.8428571428571429,0.8030060761112888,1.0,False,200,,0.0,ovr,3,scale,linear,-1,True,,True,0.001,False
2,Fold 3,0.9746633593196314,0.9255952380952381,0.9251948972360029,0.9276955979326323,0.9254466544186171,0.9510713143588104,0.8839285714285714,0.8850335785097538,0.8839285714285714,0.8838452333466295,0.9288676236044657,0.8392857142857143,0.8395534290271132,0.8395534290271132,0.8392857142857144,10.0,False,200,,0.0,ovr,3,scale,linear,-1,True,,True,0.001,False
3,Fold 4,0.9445863488009081,0.8779761904761905,0.8789910600255428,0.8788432213908295,0.8779751096151291,0.9533844189016603,0.8839285714285714,0.8828224776500639,0.8854066216650595,0.8834733893557423,0.9192307692307692,0.8571428571428571,0.8564102564102565,0.8564102564102565,0.8564102564102565,1.0,False,200,,0.0,ovr,3,scale,sigmoid,-1,True,,True,0.001,False
4,Fold 5,0.9670141977724799,0.5327380952380952,0.5,0.2663690476190476,0.34757281553398056,0.8984374999999999,0.42857142857142855,0.5,0.21428571428571427,0.3,0.9213303485769109,0.4732142857142857,0.5,0.23660714285714285,0.3212121212121212,0.001,False,200,,0.0,ovr,3,scale,rbf,-1,True,,True,0.001,False
