,fold_num,train_auc,train_accuracy,train_recall_macro,train_precision_macro,train_f1_macro,tune_auc,tune_accuracy,tune_recall_macro,tune_precision_macro,tune_f1_macro,test_auc,test_accuracy,test_recall_macro,test_precision_macro,test_f1_macro,C,break_ties,cache_size,class_weight,coef0,decision_function_shape,degree,gamma,kernel,max_iter,probability,random_state,shrinking,tol,verbose
0,Fold 1,0.9983338060124787,0.9821428571428571,0.9824163357912649,0.9821428571428572,0.982140326009922,0.9115384615384614,0.8392857142857143,0.8294871794871794,0.8655761024182076,0.8328358208955223,0.8998724489795918,0.8303571428571429,0.8303571428571428,0.833011893281903,0.830018372074447,1,False,200,,0.0,ovr,3,scale,rbf,-1,True,,True,0.001,False
1,Fold 2,0.9539832471930136,0.875,0.8677597576189627,0.8887088874656218,0.8716857610474633,0.944069431051109,0.8303571428571429,0.8410478945676632,0.8494729907773386,0.8300183720744468,0.9309895833333334,0.8035714285714286,0.828125,0.8428571428571429,0.8030060761112888,1,False,200,,0.0,ovr,3,scale,linear,-1,True,,True,0.001,False
2,Fold 3,0.9902551381998582,0.9613095238095238,0.9609851169383417,0.9629043162651674,0.9612515191569011,0.9680204669011833,0.8928571428571429,0.8954269267668692,0.8954269267668692,0.8928571428571428,0.9189792663476875,0.8571428571428571,0.8574162679425836,0.8574162679425836,0.8571428571428571,10,False,200,,0.0,ovr,3,scale,linear,-1,True,,True,0.001,False
3,Fold 4,0.9616148715765573,0.9077380952380952,0.9090038314176245,0.909192546583851,0.907737278001683,0.95242656449553,0.875,0.8729246487867177,0.8802083333333333,0.87399549983928,0.9259615384615384,0.8571428571428571,0.8551282051282051,0.8574193548387097,0.8559948569591771,1,False,200,,0.0,ovr,3,scale,linear,-1,True,,True,0.001,False
4,Fold 5,0.9706081201295236,0.9017857142857143,0.9046898907589938,0.9034695615155386,0.9017639606276191,0.9049479166666667,0.8392857142857143,0.8385416666666667,0.8354838709677419,0.8367346938775511,0.9309242085065559,0.8392857142857143,0.8388231531819635,0.8388231531819635,0.8388231531819635,1,False,200,,0.0,ovr,3,scale,linear,-1,True,,True,0.001,False
