,fold_num,train_auc,train_accuracy,train_recall_macro,train_precision_macro,train_f1_macro,tune_auc,tune_accuracy,tune_recall_macro,tune_precision_macro,tune_f1_macro,test_auc,test_accuracy,test_recall_macro,test_precision_macro,test_f1_macro,C,break_ties,cache_size,class_weight,coef0,decision_function_shape,degree,gamma,kernel,max_iter,probability,random_state,shrinking,tol,verbose
0,Fold 1,0.9798284174702213,0.9345238095238095,0.934344866704481,0.9346530438484462,0.9344657611972056,0.9003205128205128,0.8571428571428571,0.8525641025641025,0.8623188405797102,0.8548752834467119,0.9228316326530612,0.8125,0.8125,0.8133994243684042,0.8123653769445554,10.0,False,200,,0.0,ovr,3,scale,poly,-1,True,,True,0.001,False
1,Fold 2,0.9899126715380503,0.9642857142857143,0.9636072001425771,0.9645344476588449,0.9640359640359641,0.9591771134683382,0.9017857142857143,0.9001928640308583,0.9016129032258065,0.900829107300974,0.9371744791666666,0.8839285714285714,0.8880208333333333,0.8811960345378957,0.8827980359011511,1.0,False,200,,0.0,ovr,3,scale,linear,-1,True,,True,0.001,False
2,Fold 3,0.9522678951098511,0.8809523809523809,0.8808646350106307,0.8810266591038003,0.8809144072301968,0.9686600575631596,0.9196428571428571,0.9208506555804286,0.9196428571428572,0.9195851615476666,0.9068580542264753,0.8214285714285714,0.8213716108452951,0.8213716108452951,0.8213716108452951,0.1,False,200,,0.0,ovr,3,scale,linear,-1,True,,True,0.001,False
3,Fold 4,0.9523910884064142,0.8690476190476191,0.8684546615581099,0.869293130422415,0.8687499999999999,0.956257982120051,0.8839285714285714,0.8840996168582376,0.8837320574162679,0.8838452333466293,0.9637820512820512,0.8928571428571429,0.8935897435897435,0.8920817369093231,0.8925487687879757,0.1,False,200,,0.0,ovr,3,scale,linear,-1,True,,True,0.001,False
4,Fold 5,0.9779738817919794,0.9047619047619048,0.9055261004163256,0.9041455370757828,0.9045454545454545,0.9384765624999999,0.8660714285714286,0.859375,0.8661691542288557,0.8621029303127309,0.887432043492165,0.8125,0.8143588103613688,0.8138569604086845,0.8124850514231046,0.1,False,200,,0.0,ovr,3,scale,linear,-1,True,,True,0.001,False
