,test_auc,test_accuracy,test_recall_macro,test_precision_macro,test_f1_macro
0,0.923615652164084,0.8446428571428571,0.8459681996259482,0.8443811534139204,0.8443137687804164
