,test_auc,test_accuracy,test_recall_macro,test_precision_macro,test_f1_macro
0,0.9226793820211119,0.6982142857142858,0.7133571143768511,0.6990666358903745,0.649526516404791
