,fold_num,train_auc,train_accuracy,train_recall_macro,train_precision_macro,train_f1_macro,tune_auc,tune_accuracy,tune_recall_macro,tune_precision_macro,tune_f1_macro,test_auc,test_accuracy,test_recall_macro,test_precision_macro,test_f1_macro,C,break_ties,cache_size,class_weight,coef0,decision_function_shape,degree,gamma,kernel,max_iter,probability,random_state,shrinking,tol,verbose
0,Fold 1,0.9993618831537153,0.9940476190476191,0.9940442427680091,0.9940442427680091,0.9940442427680091,0.8705128205128205,0.8125,0.8044871794871795,0.8263483339058743,0.8069441024378231,0.9094387755102041,0.8303571428571429,0.8303571428571428,0.833011893281903,0.830018372074447,1.0,False,200,,0.0,ovr,3,scale,rbf,-1,True,,True,0.001,False
1,Fold 2,0.9982890750311887,0.9732142857142857,0.9718944929602567,0.9745161290322581,0.9729843212578729,0.9302475088396014,0.7767857142857143,0.7902603664416586,0.8071428571428572,0.7753349915750622,0.9309895833333333,0.8214285714285714,0.8385416666666667,0.8385416666666667,0.8214285714285714,1.0,False,200,,0.0,ovr,3,scale,rbf,-1,True,,True,0.001,False
2,Fold 3,0.9802622253720765,0.9285714285714286,0.9282778171509567,0.9297397240790783,0.9284802043422733,0.9648225135913016,0.9017857142857143,0.9039015030380557,0.9032567049808429,0.901777884078769,0.9224880382775119,0.8392857142857143,0.8395534290271132,0.8395534290271132,0.8392857142857144,0.01,False,200,,0.0,ovr,3,scale,linear,-1,True,,True,0.001,False
3,Fold 4,0.9725415070242657,0.6458333333333334,0.6329289059174117,0.7861397479954181,0.5846033972261182,0.9551404853128991,0.5357142857142857,0.5517241379310345,0.7547169811320755,0.43124999999999997,0.9217948717948719,0.5267857142857143,0.5583333333333333,0.7476190476190476,0.43568780302310106,0.1,False,200,,0.0,ovr,3,scale,rbf,-1,True,,True,0.001,False
4,Fold 5,0.9844856421022666,0.5327380952380952,0.5,0.2663690476190476,0.34757281553398056,0.9117838541666666,0.42857142857142855,0.5,0.21428571428571427,0.3,0.9286856411896386,0.4732142857142857,0.5,0.23660714285714285,0.3212121212121212,0.01,False,200,,0.0,ovr,3,scale,rbf,-1,True,,True,0.001,False
