,term,net_val
0,COVID,-0.03584203453029609
1,19,-0.03241262587481232
2,NEGATIVE,0.024966099231413373
3,McMaster,0.020762871338924085
4,student,0.019303666999711127
5,tests,-0.017620164585283513
6,for,0.002511885922404498
