,term,net_val
0,testing,-0.10320392859887358
1,invented,0.09542159881984093
2,cuts,0.05766544006328182
3,coronavirus,-0.051180740981682835
4,also,0.05087620620363423
5,DM,0.04613901384095131
6,standardized,0.043366535813041326
7,paper,0.042995506449741754
8,Apparently,0.04205579569991788
9,calories,0.04191642572733502
10,Obama,0.03595386917205006
11,the,-0.0025902230664456593
12,not,0.0012751080625046447
13,he,0.00045815450939262374
14,only,-0.00041501930141498957
15,and,-7.940339112188465e-05
