,term,net_val
0,Could,0.042735598500736646
1,Says,0.03676227703215602
2,via,-0.035329041825288184
3,Official,-0.03200568029897476
4,2020,0.031989944786202984
5,TMZ,0.028406119350469522
6,Olympics,-0.027945401688954166
7,Canceled,-0.025548456032949803
8,Outbreak,-0.003791928244493816
9,Coronavirus,-0.0020197063406360047
10,Over,-0.000607208734784287
11,Be,0.000543263519261761
