,term,net_val
0,19,-0.31058678645496895
1,COVID,-0.3092980349242617
2,American,0.14095014870636668
3,home,0.0323370725285034
4,fund,0.03179194612085389
5,employees,-0.029326091500206573
6,establishes,0.021031510444948227
7,expands,0.016558768405188936
8,North,0.0159503001679082
9,Google,-0.015403967661207522
10,work,0.0088813948459007
11,all,0.004678039614308913
12,from,0.003342375696777594
13,recommendation,-0.0025559454399087223
14,to,-0.002233704147023357
