,term,net_val
0,virus,0.042197128492964656
1,Oh,0.037825371475578955
2,coronavirus,-0.033224900852229365
3,townhallcom,0.026669083141273413
4,ChrisCuomo,0.02601579687830725
5,foreign,0.025627775750346186
6,cal,0.025537270822105274
7,goodness,0.025169797073137833
8,anyone,0.02354730167080667
9,realDonaldTrump,0.004089152298366976
10,Can,0.0013055461997666853
11,just,0.0006495194643354572
12,is,-0.0003897462172014702
13,my,-0.00014383960517697702
14,a,0.00013349243060225115
