,term,net_val
0,Flu,0.23538404557449746
1,like,0.10522126129692842
2,Death,-0.09818423908446033
3,People,0.0942763745807359
4,Coronavirus,-0.06166913688639295
5,Ratio,0.04347767694456735
6,Intelligent,0.04257391473157515
7,Oranges,0.041390669142332026
8,Apples,0.026874542513482088
9,Know,0.020796127717624357
10,The,0.0023611690582776984
11,and,0.0021847864185100597
12,are,0.002090980836586349
13,that,-0.001796361999178279
14,Between,-0.00024225505368171657
15,the,8.49499222060907e-05
