,term,net_val
0,20,0.02781474274542553
1,Drugs,0.024452855015137494
2,due,-0.02328085669508855
3,Shortage,0.022271915464624606
4,FDA,0.022226359601859785
5,Monitoring,0.007765857816690419
6,Risk,0.0065220866046859045
7,Coronavirus,0.0017727989737900407
8,to,0.0004224893445585012
9,of,0.000347975606761995
10,at,0.0002629422227506921
