,term,net_val
0,let,0.07410398348598421
1,go,0.06984668330272886
2,CoronaVirusUpdates,0.054383045831551076
3,guy,0.04619397587462396
4,CoronaVirus,-0.04330142305536487
5,take,0.04137200945314885
6,bribe,0.04014497931345754
7,African,0.037566883599581415
8,cops,0.03556521308604489
9,amp,0.03479169654714711
10,South,-0.014267369698618812
11,will,0.0021989043383174238
12,the,0.0006980452143651176
13,a,-0.000567033448982133
