,term,net_val
0,Wuhan,0.20410883132789748
1,man,0.10527241114910174
2,treated,0.09493537036920524
3,diagnosed,0.07981921769709645
4,robot,0.07006812494667015
5,largely,0.0689452342656999
6,near,0.06840422035090192
7,coronavirus,-0.06834381178270327
8,Seattle,0.04479567657135718
9,by,0.0023371465970155867
10,is,0.0020539821078815372
11,A,0.0020102146360796037
12,a,0.001714247647477089
13,being,-0.0014882427616785114
14,with,0.0010065179389908668
