,term,net_val
0,19,-0.13570933611951197
1,COVID,-0.1353824635712276
2,China,0.05497566025032382
3,Mitsubishi,0.029711102819610164
4,ChangesfortheBetter,0.029383616708609634
5,Relief,0.028575746990582157
6,MitsubishiElectric,0.02769643797850806
7,Efforts,0.017593723142475513
8,Support,0.01630497821331378
9,Coronavirus,-0.009261280154073232
10,to,0.0047390872199934205
11,in,0.0017290518030532494
