,term,net_val
0,COVID,-0.07078586799454391
1,19,-0.06968302089932107
2,cruise,0.04057920352755084
3,travelling,-0.03735067956590615
4,warns,0.037014403723625876
5,ships,0.03328658448963868
6,doc,0.021117447997389575
7,Top,0.008956044001758688
8,over,0.0033643724843360713
9,against,0.003140501602047319
10,CANADA,-0.0017022596829719678
11,on,-0.00040868014428290195
