,term,net_val
0,19,-0.23792777499194137
1,COVID,-0.22993688018106795
2,COMING,0.10301002335814254
3,DISCUSSES,0.10189052980791513
4,PLAN,0.09072567554610228
5,TRUDEAU,0.05612029234847065
6,ECONOMIC,0.043679259748762383
7,JUSTIN,0.042786041193471236
8,MINISTER,0.03430783062519288
9,PRIME,0.032282339632747965
10,UP,0.008073263193266499
