,term,net_val
0,Trump,0.20732197793592247
1,Americans,0.10354866696154964
2,Hold,0.09411840645494082
3,Admits,0.07425777614250617
4,Coronavirus,-0.045503806140693395
5,Static,0.03941563319322411
6,Stranded,0.03707871342718395
7,Flatly,0.03572589748698327
8,d,0.021798842631866353
9,He,0.01780588939202442
10,Numbers,-0.015074783482700681
11,to,0.005557535798593851
12,Leave,0.004421167958223273
