,term,net_val
0,19,-0.043620332868918844
1,COVID,-0.04325819224290049
2,Novel,-0.02396813586339789
3,Travel,-0.023222805118259852
4,According,0.018603848021605647
5,Commute,0.016097499554010006
6,Experts,0.013285849686747779
7,Amid,-0.01225912202779184
8,Coronavirus,0.0010335522940414159
9,Outbreak,0.0006797030001712178
10,and,-0.0005640771905594309
11,the,-0.0004178539100544373
12,How,0.00030518720892288345
13,to,0.0001112319721934733
