,term,net_val
0,health,-0.14141928037351048
1,inside,0.09851677844719148
2,cuts,0.08746048968997017
3,public,-0.08312098298377447
4,Doug,0.06824999923029237
5,Ford,0.06730885542083949
6,onpoli,0.05227407113197708
7,Coronavirus,-0.05151168847837336
8,excited,0.04428498387119221
9,passenger,0.034259231933835683
10,CoronavirusOutbreak,0.02790673079424778
11,air,0.010971635461786295
12,s,0.0009164307767168645
13,to,0.0008096559021825872
14,about,0.0003954511911085536
