,term,net_val
0,Wuhan,0.06131809665904075
1,media,0.04173419962803913
2,reports,-0.03321638666266447
3,death,-0.032490324989305853
4,global,-0.02311714204842638
5,hospital,0.0219025378571472
6,director,0.02057533648358299
7,1900,0.019836520518885094
8,almost,0.01920586861235535
9,State,-0.012864112090101836
10,toll,0.0077620379783250315
11,rises,-0.0051257962894943505
12,Coronavirus,-0.003541806571046858
13,of,0.0008060691991464526
14,to,-0.0004434240003075734
15,as,0.00042964836687782183
