,term,net_val
0,see,0.08918838413211765
1,eating,0.06305226691426703
2,Chinese,0.051904616163370505
3,Wanna,0.05157289246894451
4,coronavirus,-0.03999174314521221
5,Sickening,0.029009985710804032
6,barbaric,0.028392141985992724
7,ChinaVirus,0.027417394671794777
8,animals,0.027034461225740963
9,WuhanSARS,0.026937043450647968
10,more,0.002054778519215361
11,some,0.0019051975564757168
