,term,net_val
0,cases,-0.0037212264546238392
1,COVID,-0.003332601273139681
2,19,-0.0032884024819232415
3,Kuwait,0.002286999002689888
4,first,-0.001221840362446728
5,reports,-0.001106298222737245
