,term,net_val
0,China,0.04052494442278891
1,amid,-0.017850262075149663
2,COVID2019,0.007415895532463431
3,pollution,0.007392675700054384
4,slowdown,0.007358622788599454
5,images,0.0071880149894980195
6,Nasa,0.007176023183578681
7,clear,0.005934874957872805
8,Coronavirus,0.00044812339234310785
9,show,0.0001190936963687406
