,term,net_val
0,creating,0.10944167250940741
1,coronavirus,-0.09624296669751978
2,frank,0.05752515174425584
3,ocean,0.05715947848476706
4,coachella,0.0570402311128855
5,perform,-0.008227342120728625
6,after,0.0011641409497570821
7,he,0.0011437253854603216
8,at,0.0007686586492853157
9,t,0.0007475554395230369
10,to,0.000591780284819555
11,the,0.0005155831440589374
12,so,0.0002952204320160631
13,wouldn,0.000215729412213189
14,have,0.00018331213639990115
