,term,net_val
0,Flu,0.06907220890605073
1,Coronavirus,-0.030673677128941534
2,SARS,-0.030062890008196043
3,originated,0.027268071068329184
4,news,-0.026336432031513524
5,China,0.01505580677496113
6,amp,0.014763549569327435
7,fake,-0.005154129135493068
8,Bird,0.004469979569063496
9,Not,0.00010970828090279121
10,in,0.00010874786682827816
