,term,net_val
0,cases,-0.02120690540149668
1,19,-0.01740372095872063
2,COVID,-0.016774816742651733
3,new,-0.016197764067718175
4,total,0.009069349258853747
5,Ontario,-0.00754782574694793
6,18,0.005399190076226259
7,3,0.005285871584650449
8,province,0.0035274799185989448
9,at,0.0005460448432072823
10,now,0.0005125138223514063
11,in,-0.0003381765347941347
12,of,0.000198291092858079
