,term,net_val
0,19,-0.34335875534887134
1,Trump,0.3302113148876611
2,Covid,-0.32878907836505794
3,Already,0.13697006089087208
4,Travel,-0.13018695241491945
5,Bans,0.08896591820259374
6,Here,0.012984916613912413
7,From,0.011395571376271039
8,but,0.009305545869811388
9,Is,-0.005866422486374795
10,Europe,0.0050638900642739895
