,term,net_val
0,lie,0.45520302817594244
1,us,0.15397290456827417
2,koshtorontosun,0.06625306303136319
3,coronaviruse,0.06607094315048523
4,t,0.008085445444432276
5,Don,0.007912009119288061
6,to,0.006989562146657553
