,term,net_val
0,19,-0.05828952248795418
1,COVID,-0.05622124043850897
2,cold,0.050957044093897126
3,tell,0.04259800377456717
4,to,0.004908822240626027
5,is,0.004566688246243311
6,a,0.0045420506029377385
7,How,0.002942683667752955
8,if,0.00239841598202861
