,term,net_val
0,cases,-0.1279435157635139
1,COVID,-0.09843453045580826
2,19,-0.09659620639960052
3,Coronviru,0.02670378372721495
4,BC,0.024206083280821213
5,announces,0.01714558373018294
6,of,-0.0028017502314734576
7,more,-0.0003051979965131341
