,term,net_val
0,COVID,-0.02011409549039597
1,19,-0.018724431913145115
2,fears,-0.01664348382775268
3,could,0.013384580120212378
4,nixed,0.004911763947336276
5,Festival,0.004815109387629381
6,SXSW,0.004294959827080638
7,due,-0.0038607625394104232
8,cancellations,0.003852706445654426
9,spiral,0.0037235682113634094
10,to,8.575013762196107e-05
11,after,-2.7955432175651585e-05
