,term,net_val
0,coronavirus,0.08162532918388155
1,flying,0.07083479570551213
2,United,0.040031102015728404
3,slashes,0.03250785177154569
4,freezes,0.03227794141424495
5,demand,0.03219998908739288
6,hiring,0.03162401123454109
7,hit,-0.014226789765848812
8,Airlines,0.010771570706983249
9,on,0.001415289185296861
