,term,net_val
0,New,-0.08120834067065277
1,Talks,0.03498648677869046
2,Canadian,0.020882744801206703
3,HRblog,0.019806591598721137
4,FR,0.019801708648960966
5,employers,0.019770520624956683
6,HR,0.019751901188660943
7,emplaw,0.019670518604056945
8,HRlaw,0.019551848884729647
9,means,0.009920069042473405
10,Coronavirus,-0.007012648894627103
11,for,0.00041369634104485004
12,What,0.00012534412355683322
13,the,8.488787371924453e-05
