,term,net_val
0,COVID,-0.043339260167055374
1,19,-0.042851412123891
2,cases,-0.04105436667569517
3,new,-0.03172672791743597
4,bringing,0.0212059409509508
5,Ontario,-0.013646515692630697
6,Three,0.013015116208450955
7,GTA,0.011846589185534233
8,total,0.010987842479382537
9,Toronto,-0.00862006783031163
10,18,0.004212078302795667
11,Coronavirus,0.002095083621350185
12,of,0.0017421337399150325
13,in,0.0005155811032535138
14,to,0.00015803058252520012
