,term,net_val
0,New,-0.13446305632719074
1,positive,-0.06634391192607801
2,tests,-0.0427085668384319
3,Gov,0.03764928571359457
4,York,-0.029682948173544436
5,says,0.02663170076274038
6,Jersey,0.01631204667623708
7,Authority,0.012843038040746746
8,coronavirus,-0.006421918291237418
9,Cuomo,-0.00434937760393752
10,Port,0.002632539635742566
11,and,-0.0011609073702898468
12,of,0.0010141521957929556
13,for,-0.000921968592931423
14,chief,-0.0003957862866103233
