,term,net_val
0,lying,0.09107838379027892
1,COVID19,-0.08167370267294358
2,would,0.04541106296845679
3,Coronavirus,-0.03471131364168202
4,coronavirus,-0.0335573843826384
5,like,0.031021670948202042
6,look,0.025810111055328187
7,China,0.019398479114031097
8,country,-0.0040128801439974805
9,What,-0.0017827684737390117
10,wasn,0.0009730097349739152
11,if,0.000474265888395226
12,t,8.141941961864438e-05
13,by,7.545685748729583e-05
14,it,4.129027476913346e-05
