,term,net_val
0,Republic,0.03854465492923573
1,14,0.027878797334041257
2,days,0.018192529348221985
3,Ireland,0.00438624877775001
4,School,-0.0023485091883095415
5,Coronavirus,0.001631280037214949
6,closed,0.0012051675380354743
7,for,0.00037268209244235715
8,in,0.00026414255143089935
9,of,5.9394251797154566e-05
