,term,net_val
0,19,-0.014092370361819276
1,COVID,-0.014038431300752646
2,positive,-0.008444728040004566
3,season,0.0052577951518718085
4,tests,-0.0040383565269446735
5,player,0.0035583245471744753
6,Utah,0.0035225495915163284
7,NBA,0.0031089174323921573
8,Coronavirus,0.0026336535263250306
9,suspends,0.0025866207094382256
10,Jazz,0.0016929808641204733
11,after,0.00043832138226534295
12,for,0.00013393937172985343
