,term,net_val
0,case,-0.10496798122372991
1,Toronto,-0.04814805221186005
2,one,0.033081731509113796
3,webpage,0.0301577806227978
4,light,0.02926546422665461
5,updated,-0.02036102816690094
6,local,-0.006498585308656569
7,University,-0.00585779240375063
8,coronavirus,-0.005374762967940755
9,The,-0.0012104311673780206
10,of,0.0007683081725850066
11,has,-0.0007183938267117798
12,the,0.0004823727689277136
13,on,-0.0003182916614703446
14,in,-0.00023034395029643674
15,its,7.236149443283771e-05
