,term,net_val
0,Videos,0.1894406775165184
1,Iranians,0.1832857186058298
2,holy,0.0806106557958027
3,me,0.07731132068599054
4,shrines,0.0753009866207317
5,LICKING,0.07409669582586324
6,s,0.06443197429321773
7,that,0.06259498247088816
8,show,-0.059519830665698104
9,coronavirus,-0.05886754156701309
10,outbreak,-0.05834680829068829
11,despite,0.04245855936002755
12,no,0.0029614505722165337
13,a,0.0027445747221857756
14,and,0.0019733896275071225
15,from,0.0006823486661800981
