,term,net_val
0,New,-0.07354572905362035
1,know,0.033313186375732856
2,SmartNews,0.03191314315009154
3,study,0.0296086720771
4,little,0.026988315874604107
5,spreading,-0.0232914004661335
6,opener,0.01941791848947891
7,eye,0.019349161708273027
8,we,-0.0007138948640807811
9,an,-0.0005182389155903311
10,and,0.0005081383936354688
11,coronavirus,-0.00033593822073886017
12,is,0.0002857456678921314
13,how,0.00022845721839036474
14,on,-0.0001074372179220625
