,term,net_val
0,fear,-0.21096808338564477
1,infected,0.12698939383148927
2,markets,0.12006525816147222
3,sell,0.1034163252165068
4,Stock,0.09449468491784394
5,global,-0.078392481772753
6,economy,0.05422145176340773
7,coronavirus,-0.025233991970451435
8,off,-0.0022009349868444394
9,as,0.0009259021085572383
10,again,0.00040223902629784794
11,by,0.00029582047346351473
