,term,net_val
0,positive,-0.10470853307857671
1,test,-0.06751112433438117
2,personal,0.03568845287338817
3,Donovan,0.028062628172499725
4,Mitchel,0.02683383856527569
5,player,-0.01532676786575328
6,jazz,-0.009738261766004107
7,coronavirus,-0.008182103666342897
8,was,-0.0015946193716316164
9,for,0.00098020140358647
10,to,-0.0009122758566647807
11,the,-0.0008786029933574744
12,only,-0.0005631122197573838
