,term,net_val
0,severity,0.04220275938878754
1,researchers,0.03971834155843809
2,learned,0.03884038775294415
3,spread,-0.02616576630671841
4,coronavirus,0.0016034126174679507
5,about,0.0004832215231683777
6,of,0.00041821054064346145
7,What,-0.00028177442318755926
8,the,0.00025329012949300663
9,and,0.00015147261172428496
10,have,6.314811212019593e-05
