,term,net_val
0,cases,-0.051373938205025914
1,NEW,-0.04017124382680496
2,new,-0.03952994158752459
3,raising,0.022913376230012734
4,7,0.02171978205486435
5,Sweden,0.021319787059076133
6,5,0.02024882195772989
7,country,0.01972092449673488
8,reports,-0.01935986552968864
9,total,0.014191600184121609
10,s,-0.001691585729974041
11,to,-0.0005915320728783571
12,of,0.000457142758808832
13,coronavirus,-0.00010967442603855095
