,term,net_val
0,CDC,0.08330076794870023
1,Bill,0.04695961212144942
2,Coronavirus,-0.04442762480951508
3,Institute,0.04166763969750681
4,PIRBRIGHT,0.04020702243759336
5,Owns,0.03353864920500339
6,Gates,0.020613317289470932
7,Patent,0.019588668451437957
8,Funded,0.006192935840929979
9,A,0.002553540029451895
10,Which,0.0016018777866721103
11,On,-0.0004214830326964807
12,The,0.0002971404227977715
