,term,net_val
0,case,-0.014422232537853873
1,19,-0.013059570100026466
2,COVID,-0.012211251836388718
3,new,-0.010540997435043217
4,patient,0.007895092899221641
5,Vegas,0.007832007647097556
6,travelled,-0.007210925815357226
7,Ontario,-0.005911801479483562
8,Las,0.0052292504482610615
9,reports,-0.00464052474379222
10,had,-0.0008366518940819087
11,to,-0.00029952329556366187
