,term,net_val
0,suggests,0.11819597201353998
1,everyone,0.11250875415207368
2,WATCH,0.09855345382769107
3,infecting,0.06891751926348993
4,Rick,0.06336030188205458
5,Santelli,0.0628635750523037
6,coronavirus,-0.04826923000721398
7,lessen,0.045439886500493055
8,impact,-0.023845748796119625
9,economic,0.0067337352416842015
10,the,0.003976843907675176
11,to,0.002461484033346135
12,with,0.002115770010388458
