,term,net_val
0,panic,0.03596050271960034
1,Ten,0.03427634004208386
2,ought,0.02275958150882509
3,reasons,0.01138137241443646
4,Coronavirus,0.0014378062346951524
5,to,0.00031531784025729594
6,you,-0.000157525189476611
7,why,0.0001282084070833773
8,not,6.848222856122374e-05
