,term,net_val
0,000,-0.03732908125817112
1,Report,-0.02754552309094103
2,10,0.027135882717263138
3,coronovirus,0.02449129242539773
4,idiocy,0.02373497879664735
5,faster,0.01938945129238461
6,spreading,-0.017264975942919283
7,times,-0.011242257091454507
8,Outbreak,-0.0013300141039620762
9,of,0.0004163321941055286
10,than,0.00031721940603367314
11,coronavirus,1.9382427320354864e-05
