,term,net_val
0,test,-0.14909252455131364
1,people,0.1406618861626797
2,400,-0.1318528853240782
3,8,0.08475556763537206
4,kits,0.07877109552342855
5,awaiting,0.07681933460956195
6,California,0.04609655837270945
7,coronavirus,-0.041549241434970144
8,monitoring,-0.024071997250025973
9,for,9.085922848013659e-05
