,term,net_val
0,China,0.052957292516343915
1,WORLD,0.03243833699744445
2,select,0.03083926258870348
3,Air,0.027885957429813295
4,cancels,-0.024295097372256273
5,spreads,-0.02404292973413357
6,flights,0.011618159270850177
7,Canada,-0.0043709349963141205
8,coronavirus,-0.0019231693143401411
9,as,0.0005213801441718681
10,to,9.643138527270549e-05
