,term,net_val
0,19,-0.15070840715191022
1,Covid,-0.14930260911902485
2,New,-0.10279059226929207
3,already,0.097407717180372
4,chance,0.06169463413323175
5,Scientist,0.05915219829788125
6,may,0.05313820624055568
7,contain,0.04748555976298641
8,SmartNews,0.03398372606030624
9,coronavirus,-0.012858781296668297
10,the,0.0038244127681406996
11,over,0.0028984634287336467
12,to,0.0010629695244883041
13,be,-0.0008651892948355729
14,Our,0.00028020201448010967
