,term,net_val
0,19,-0.02284594380876618
1,Covid,-0.02119821159059562
2,case,-0.021068520682216443
3,advice,0.015471033453662877
4,travel,-0.01023112896088229
5,Latest,0.009301674439003885
6,Spain,0.006874062624811792
7,Tenerife,0.006320737993433592
8,hotel,0.005686727272151298
9,follows,-0.005383191179025689
10,Barcelona,0.004682952921962136
11,Coronavirus,0.0018554599449991395
12,in,-0.0005306392398909135
13,as,-0.00042583453407713217
