,term,net_val
0,lies,0.208847236139965
1,Pence,0.16681982381070767
2,test,-0.1140158470103168
3,covering,0.09077954154681472
4,https,0.08461428287149796
5,coronavirus,-0.05023450537961045
6,mustread,0.04923061105274778
7,feedly,0.047930648812728884
8,caught,0.04688037191193766
9,kits,0.038691822749826
10,insurance,0.037003841734702385
11,ghctYmKA36,-0.006117482943344087
12,about,0.005304892789507053
13,t,-0.0035126222906346712
14,co,-0.0022352402574713293
15,in,0.0018778534171911975
