,term,net_val
0,trying,0.05347660715366455
1,fucked,0.039021505445938055
2,coronavirus,-0.038731092340415704
3,bells,0.01578466735574837
4,alarm,0.015075511468580584
5,CoronaVirusSeattle,0.014890003917636726
6,ring,0.010508609140276603
7,might,0.00889341664084716
8,not,0.001173412879356826
9,be,0.000752237027017867
10,but,0.0006931666620337933
11,I,0.0005665841602360777
12,to,-0.0003766641222388025
13,m,0.0002023676538743775
14,we,3.768407748502394e-05
15,all,-6.200878403680251e-06
