,term,net_val
0,health,-0.08863105994626248
1,emergency,-0.08586011009809942
2,concern,-0.04139922699228332
3,public,-0.038885938922814625
4,afternoon,0.0368775905739027
5,declared,0.0357651664473561
6,international,0.021455717438489657
7,coronavirus,-0.015252720996084832
8,of,-0.0013877636226520696
9,a,-0.001362535676292345
10,WHO,-0.0008550221694124406
11,This,-0.00016800278576749412
