,term,net_val
0,last,0.05855517465195974
1,coronavirus,-0.040724972850285
2,China,0.030614200731804327
3,Middle,0.023092195614383953
4,East,0.022983328725402406
5,current,0.020776169390872304
6,started,0.017984311479321797
7,could,0.015111411996704615
8,start,0.009344864467929646
9,MERS,-0.006714002893730393
10,in,0.0014749071035778177
11,one,0.0012524494558848048
12,next,-0.0012380071798362854
13,The,0.0005222026230552852
14,on,-0.0001439654524170463
15,the,-2.8240345085387624e-05
