,term,net_val
0,FAKE,0.02692350554329536
1,NEWS,0.011082910497317557
2,coronavirus,0.0065901363438481035
3,is,-0.0002659658140666833
