,term,net_val
0,travel,-0.061745320027624666
1,Apple,0.04429343020156161
2,restricts,0.038711599102801295
3,Korea,-0.026138633793308302
4,Italy,0.024934808053800887
5,employee,0.004719552259922468
6,coronavirus,-0.0021159566622491
7,to,0.00025956578183661955
8,over,9.306930309289152e-05
