,term,net_val
0,Communist,0.10051862643272956
1,lying,0.09630392870107213
2,China,0.04537566039847864
3,outbreak,-0.03525756201487416
4,come,0.032187944597838594
5,Coronavirus,-0.03204494708619269
6,extent,0.01524912016513082
7,internation,0.014158359865414085
8,clean,0.009634174423967606
9,true,0.00718029083399352
10,about,0.002029753939432404
11,is,-0.001564514056533876
12,t,-0.0012567692805793777
13,of,0.0010819928501881204
14,doesn,-0.00047082124749241123
15,If,-0.00022406999683539493
