,term,net_val
0,COVID,-0.23675853899767588
1,19,-0.22436752286178982
2,giants,0.04122637649940049
3,DeepMind,0.037614162673056076
4,coronavirus,-0.033958747989680425
5,shoulders,0.03226658945133132
6,effort,0.023697171680395947
7,rests,0.006987906559559152
8,the,-0.005413093213071972
9,Google,-0.002248845597050719
10,of,0.0014146404718480708
11,s,0.0008783792666936079
12,on,-0.0006078689022906551
