,term,net_val
0,even,0.04304876193030135
1,European,0.015575911172891527
2,scale,0.015275109303747824
3,peaking,0.01520313381374334
4,signs,0.013990122952019488
5,shares,0.010816934831321788
6,record,-0.009097427255680005
7,coronavirus,0.00039450961292303527
8,as,0.00024845014761958354
9,no,0.00024231336574914838
10,of,0.00018383614754662983
11,shows,-0.00015285368160413597
