,term,net_val
0,case,-0.08783708520014334
1,Iran,0.07557906753669294
2,traveled,-0.04488313014878638
3,man,0.04015484513954663
4,onpoli,0.03959856155548372
5,reported,-0.03338931375697642
6,Ontario,-0.03193961853476601
7,7th,0.03152590217028011
8,coronavirus,-0.0030380328076801966
9,s,0.0020498038001732144
10,who,-0.0015926290267064306
11,in,0.0015153060173697093
12,of,-0.0013811578485463851
13,to,9.939352461626918e-05
