,term,net_val
0,New,-0.09903055634007255
1,Testing,-0.06200091995333726
2,N,-0.0598938233132512
3,York,-0.044177094104760305
4,D,0.0320779759766836
5,C,0.031510016009702255
6,Times,-0.030411396265972838
7,Attacks,0.027565887330099483
8,Delays,0.016685450806715667
9,Coronavirus,-0.011308603574650007
10,Cuomo,-0.00885775192731479
11,Y,0.007584287025925486
12,Over,-0.0013012567507202694
13,The,0.0006005615220892345
14,in,0.00012388403319186023
