,term,net_val
0,case,-0.023835830077015282
1,positive,-0.01654331490607251
2,COVID19,-0.014163841517388597
3,first,-0.009232207208168917
4,reports,-0.008132392721639249
5,via,-0.0068703884545924096
6,Live,-0.006788962304611305
7,CBCSask,0.005461665011436376
8,gqinsk,0.005364064160536699
9,Saskatchewan,0.005032306352055163
10,presumptive,0.0034112364658239014
11,coverage,0.002834895481345312
12,coronavirus,0.001900365077521153
13,by,0.0006114968113029673
14,of,-0.0005391920522482602
