,term,net_val
0,everyone,0.17454134943864608
1,misinformation,-0.11404468307068992
2,also,0.09944469735645771
3,spreading,-0.08965553393857653
4,Toronto,-0.0773147318565044
5,blogTO,0.04195187412515722
6,Mayor,0.04188698273803073
7,JohnTory,0.04162509267155962
8,coronavirus,-0.0399895755161705
9,racist,0.023683764330501376
10,in,0.0007084330907623133
11,is,0.0006764780707691917
12,that,0.0006752226014978031
