,term,net_val
0,COVID,-0.013487585522909006
1,19,-0.013073412451765026
2,closing,0.009594642190390437
3,Ontario,-0.0033334495869825186
4,coronavirus,0.002248794530473664
5,due,-0.001981480846798639
6,schools,0.0017942794608404513
7,BREAKING,0.0005573761947438822
8,to,0.00025635106665756053
