,term,net_val
0,Oil,0.10164150889275388
1,Canada,-0.062338406414019665
2,Bank,0.0582008225098131
3,probably,0.056813368702226245
4,guide,0.05667290212839178
5,CarmichaelKevin,0.05649398836089255
6,writes,0.05551183654391497
7,coronavirus,-0.05385729439923633
8,phase,0.04830114672622731
9,prices,0.03481342993791071
10,early,0.02624057610505898
11,crisis,0.025191146151900642
12,the,0.0010654535993298304
13,through,0.0008537931726306559
14,of,-0.0004155405465180024
15,will,0.000372799763989322
