,term,net_val
0,case,-0.09409541464300977
1,COVID,-0.08449377036516637
2,19,-0.0821286115571283
3,new,-0.07093965835890308
4,8,0.04952115179097898
5,C,0.04257473073977107
6,community,-0.03624354327345898
7,including,0.02489461953324369
8,identifies,0.021350409517203787
9,infections,0.007675553926549006
10,a,0.0011810209768440523
11,B,-2.502471420706339e-05
