,term,net_val
0,quell,0.05760267101818846
1,offer,0.05656805613672684
2,coronavirus,-0.05282015581395734
3,panic,0.03717835123742786
4,19,0.03466230837649959
5,COVID,0.034371713020493216
6,anxious,0.02603075785779869
7,Experts,0.017282084569552495
8,pandemic,0.012269935855093329
9,Feeling,0.01212943156004503
10,tips,0.0006238177673592199
11,the,0.00041238554763313044
12,to,0.0002619631608747575
13,about,-0.00013987748433180077
