,term,net_val
0,lies,0.10004296319957193
1,Watch,0.05359636791658304
2,CoronaVirus,-0.037702958249250434
3,RT,0.026078451612624096
4,China,0.022957358197967178
5,listen,0.01128538061301052
6,aTeXan575,0.010549145695269338
7,learn,-0.004096063352060494
8,and,0.0018124082551365642
9,about,0.001466974639741662
