,term,net_val
0,COVID,-0.022951663353571322
1,19,-0.022821058233097925
2,positive,-0.014565631204244039
3,head,0.009988848159139184
4,tests,-0.00803460187453943
5,coach,0.007956361843442183
6,Mikel,0.007627887895039864
7,Arsenal,0.0075877858517361405
8,Arteta,0.007582901387063181
9,Coronavirus,0.002759878903349473
10,for,0.0002932330040837451
