,term,net_val
0,COVID,-0.023780847593761974
1,19,-0.02325192321409973
2,camps,0.010450095437411093
3,prepare,0.0054069640682240586
4,March,0.0053031663555283826
5,News,0.004452411637077242
6,Coronavirus,0.0032113946405328895
7,Global,-0.002980702910463361
8,Toronto,-0.0019256259831925888
9,break,-0.0008163016115590716
10,for,-0.00025455865318243414
