,term,net_val
0,fears,-0.06303860741825448
1,Release,0.03006049658249374
2,Die,0.024331564698443962
3,amid,-0.01933039037840919
4,film,0.019027235158908196
5,delayed,0.018989800597105883
6,Bond,0.018653032109930263
7,James,0.018434941403806287
8,BBC,0.017030001998508612
9,Time,-0.011626664173261572
10,News,0.0037749646137888804
11,To,-0.0004477960056720814
12,No,0.00023637399135756305
13,coronavirus,-6.616888536578418e-05
14,of,6.367686423811498e-05
