,term,net_val
0,coronavirus,0.31102981202875196
1,originated,0.1440001391840695
2,Chinese,0.1430599727542317
3,Lab,0.1364322512090204
4,scientists,0.09256039274872409
5,19,-0.08232821292348073
6,COVID,-0.07641619804291043
7,Gov,0.0734318851721907
8,could,0.0674831672029792
9,says,0.033485788051969986
10,a,-0.007690658602319544
11,have,0.00396575556467794
12,from,-0.0031896531110716846
