,term,net_val
0,Payments,0.02667242336061189
1,mortgages,0.026592234457667632
2,Italy,0.020909047878448526
3,due,-0.018981987952146916
4,suspended,0.011553849252825165
5,coronavirus,0.0027807192975206393
6,outbreak,0.0017831653506895752
7,on,0.0005324379345574535
8,are,0.000394239763317333
9,be,0.0002829409106408272
10,in,0.00023804684359347823
11,to,3.1100831403641574e-05
12,the,-2.68838712475266e-05
