,term,net_val
0,case,-0.13773041497011346
1,Iran,0.11273858769658028
2,Ontario,-0.055962764744339685
3,5th,0.03428429361582266
4,woman,0.02124589058572675
5,coronavirus,-0.009592704171250601
6,recently,-0.0038355725054489984
7,in,-0.0022616779798761907
8,a,-0.000819434745461651
9,was,0.00018659636662963496
10,who,-6.730558015741144e-05
