,term,net_val
0,covid,-0.33142341789212726
1,19,-0.3275740684780854
2,Washington,-0.06546238813461744
3,Post,0.0452216685397562
4,coronavirus,-0.04473815689266362
5,kids,0.042331771130209854
6,sick,0.038969009100125615
7,Interesting,0.011591951921633665
8,Why,0.0075349191736290835
9,t,-0.005354332231275194
10,doesn,0.004932962358689098
11,make,-0.004279115838673071
12,with,-0.0007942667778413593
13,The,0.0005849221951190515
