,term,net_val
0,scenarios,0.04326709486684336
1,prepared,0.03626476728854722
2,Canadians,0.03539753679128134
3,possible,0.01910812216070256
4,coronavirus,-0.0028679610900606296
5,Here,0.0006818774935083661
6,s,0.0005747319816853829
7,all,0.0004520038190380277
8,can,0.0004297157049642374
9,how,0.0001770061600201815
10,be,-9.751415639909574e-05
11,for,-1.761100611283352e-05
