,term,net_val
0,case,-0.1408148258752913
1,posts,0.047993423816025366
2,alert,0.04590919405207333
3,saying,0.043375696101401844
4,says,0.04182026795955158
5,ignore,0.04151467378998943
6,RVH,0.0405457293629135
7,Fake,0.03797607654015252
8,coronavirus,-0.00793985055365665
9,a,0.0013548803576658144
10,news,-0.0009068685261845849
11,is,-0.0003908002120452354
12,there,-0.00027830186121625245
13,of,0.0002488417792062614
14,here,8.10776466342883e-05
