,term,net_val
0,fears,-0.03386479780273998
1,Wall,0.015735115167079906
2,grow,0.014730606147548956
3,Street,0.013859813924173
4,coronavirus,0.004111660792405837
5,1,0.00274671221614212
6,than,0.0007623735236865235
7,drops,0.0005251397296577775
8,as,9.14676700192582e-05
9,more,3.5287602594453e-05
