,term,net_val
0,case,-0.0253570970558978
1,virus,0.024276519287298758
2,19,-0.017599327900556978
3,Covid,-0.017009501056092845
4,First,-0.011816212089237048
5,cleared,0.002347763170254408
6,in,-0.0014656568495929714
7,of,0.0007967730833348695
8,the,0.0007098103499146348
9,Canada,-0.0006475145009978819
10,now,-0.0003860884557843194
