,term,net_val
0,to,-0.16881097380616966
1,new,-0.12752093746139756
2,Chinese,0.09941826681199513
3,official,-0.056600599226773615
4,Human,0.05527108262061508
5,human,0.05523126032516575
6,confirmed,-0.054486502383095124
7,says,0.041910268742173774
8,transmission,0.028383425444298064
9,coronavirus,-0.015532945627096685
10,of,0.00026068813349541814
