,term,net_val
0,suggests,0.15189631027234402
1,CDC,0.14339914803375906
2,National,0.09397597935647657
3,people,0.07681501226348796
4,facial,0.0631683888165758
5,shave,0.059705667065148085
6,avoid,0.05776773536215373
7,hair,0.05763826281650555
8,coronavirus,-0.054159240544765286
9,contracting,0.04722451609187755
10,to,0.0037200390635721866
