,term,net_val
0,19,-0.012406572129842901
1,COVID,-0.012167285348592027
2,postponed,0.006479988360646567
3,Possibility,0.005891282502820779
4,Olympics,-0.0016402210232546813
5,Tokyo,-0.0009981593417864843
6,prevent,-0.0008208863550460401
7,spread,-0.0007906504795423754
8,BREAKING,0.0003654376986695966
9,of,0.00024413294748988607
10,to,0.0002159766867251157
