,term,net_val
0,China,0.05095490619356863
1,declares,-0.044697729066442565
2,emergency,-0.044484214925587365
3,Trudeau,0.0377153173304998
4,says,0.034542949970338646
5,airlift,0.026539196776258822
6,timeline,0.024454748878100997
7,global,-0.02279127961839286
8,yet,0.005528161357719373
9,coronavirus,-0.0024482399483417546
10,no,-0.0008750960468243211
11,a,0.00042621644820145364
12,WHO,0.00020724827464153864
13,for,0.00013515839381056673
14,as,2.875639280725593e-05
