,term,net_val
0,people,0.04890933513590485
1,Ontario,-0.027720087190628018
2,CP24,0.020704860188585104
3,infection,0.015087480529400631
4,Toronto,-0.013831102773803292
5,possible,0.012476311658203992
6,Breaking,-0.01088525029611691
7,eight,0.008347839516352915
8,clears,0.005467086588068507
9,News,0.0040341582803307885
10,but,-0.0005359037478074128
11,coronavirus,0.0002028783136263051
12,s,0.0001857049316857271
13,all,0.00017274300506392193
14,for,-5.182586060290315e-05
