,term,net_val
0,emergency,-0.12361735149250117
1,US,0.10840940301899904
2,response,0.05499794597114478
3,funding,0.04866817001429904
4,3,-0.04751277818142673
5,approves,0.04301778703531803
6,8,-0.03802837996479451
7,coronavirus,-0.025795537856259983
8,Congress,0.025235337727977588
9,billion,0.01347433186921902
10,in,-0.004905331430449817
11,for,-0.0016959133270301795
