,term,net_val
0,despite,0.07602400127519139
1,hit,0.05767398669315681
2,Nvidia,0.04501200568479952
3,cloud,0.04485823202178813
4,forecast,0.04472434332124015
5,expectations,0.044679809937050015
6,sales,0.04227159524301183
7,coronavirus,-0.024095594085633262
8,tops,0.00548329127708219
9,on,0.0015248534199718616
