,term,net_val
0,positive,-0.07677406492608395
1,tests,-0.04753188224310889
2,says,0.03846910002995437
3,KKR,0.02958280917020172
4,shuts,0.02950358780313982
5,London,0.020224780021303245
6,offices,0.015238562639269763
7,employee,0.004092002741511026
8,coronavirus,-0.00306521384481992
9,for,0.0003604547623352254
