,term,net_val
0,COVID,-0.10709624868339887
1,19,-0.10408454267640903
2,WATCH,0.08139330784747408
3,press,0.055672029666668316
4,LIVE,-0.03630872994300498
5,Queen,0.03458548713211968
6,Park,0.03432401652510605
7,Officials,-0.03308783955537657
8,address,0.022256739958839613
9,conference,0.009449015195470003
10,at,0.006714252078840196
11,s,0.0029184748215057886
