,term,net_val
0,try,0.02931362370443454
1,COVID,-0.028386389518472808
2,19,-0.028071385806749713
3,among,0.017056365651844776
4,health,-0.014240270736231842
5,misinformation,-0.0106222303371085
6,community,-0.007659603406899176
7,officials,-0.007460467524314996
8,dispel,0.006147452230680846
9,Columbia,0.0017114083850255039
10,Chinese,0.0015926287110155793
11,British,-0.001473705628727495
12,Canadian,0.001440409686477057
13,to,0.0012657797377220346
