,term,net_val
0,Trump,0.4085012384356717
1,COVID,-0.34106644198062935
2,19,-0.34060221527171836
3,Administration,0.08605534698727514
4,strategy,0.05839113252168356
5,SRuhle,0.05042001964826881
6,on,0.023173755811027246
7,The,0.014730915509730989
