,term,net_val
0,positive,-0.03087295469447682
1,says,0.02153801788653968
2,Health,-0.02034045154451793
3,tested,-0.01714632207382259
4,Dorries,0.01664558053629265
5,Nadine,0.015938316710686334
6,minister,0.015115364054462373
7,isolating,0.009668340309264946
8,self,0.009498783476184198
9,coronavirus,0.0030764931798646913
10,for,0.0007705006571169339
11,has,-0.0005027532820094469
12,is,-0.00028557765462435236
13,she,-0.00022090531855088107
14,and,-9.900836622753139e-05
