,term,net_val
0,19,-0.031741614117620075
1,COVID,-0.03145249998378264
2,stop,0.02030785952197985
3,misinformation,-0.008816628161465766
4,Zuckerberg,0.008799093417018393
5,pledges,0.00843133040709313
6,BEYOND,0.007909597133247967
7,LOCAL,0.0017173005971573298
8,Facebook,0.0006744667029267524
9,to,0.0006041425187891112
10,on,0.0005839656810853397
