,term,net_val
0,cases,-0.11120467338525603
1,new,-0.08797230330510446
2,New,-0.08743624541418422
3,Gov,0.04449367704737897
4,11,0.03997909590316992
5,York,-0.03847328920678892
6,overnight,0.03110393782518663
7,doubled,0.03070781307135207
8,confirms,0.02750170167892301
9,state,-0.02140027417688473
10,Coronavirus,-0.011203872520328286
11,infections,0.010771329112210709
12,Cuomo,-0.005976269441389733
13,in,-0.003087221624089331
14,as,-0.0005215575107111421
