,term,net_val
0,Fear,-0.15676043051641667
1,Market,0.09149316951178
2,via,-0.0743035925574984
3,stocks,0.06968210730766024
4,real,0.03871729193629966
5,Hub,0.03534794719323966
6,volatility,0.03496968575008237
7,coronavirus,-0.022438631145430547
8,epidemic,0.0042837226817597105
9,What,-0.001072464323100557
10,is,0.0008470717504457403
11,if,0.0007810125926378405
12,the,-0.0003756847672858605
13,On,-7.840934892371058e-05
