,term,net_val
0,COVID,-0.04036510102331392
1,19,-0.039301652818631315
2,given,0.03385810173794871
3,New,-0.0317987920211791
4,Health,-0.022536794184092344
5,name,0.019185285034960236
6,World,0.018432706428032034
7,Organization,0.012156134524817426
8,by,0.0012688053592244002
9,coronavirus,0.0011252849032792342
