,term,net_val
0,COVID,-0.04829084850220652
1,19,-0.047964497266130945
2,cases,-0.04738774691600829
3,Trudeau,0.023286124539551832
4,17,0.017697631784160815
5,Justin,0.017277164599519335
6,Ontario,-0.015756638576831437
7,announces,0.01358348982915282
8,isolates,0.010382734437394627
9,self,0.010000281687906037
10,updates,-0.007995155709854512
11,as,0.000938985842350426
12,more,-0.000586625441498914
13,of,0.0004807815749772075
14,Coronavirus,-0.00024207216357588038
