,term,net_val
0,Covid,-0.12407788285227822
1,19,-0.12037095050501062
2,Health,-0.0689663193157856
3,diseases,-0.03848229276428348
4,World,0.030212753712013037
5,interest,0.022321057721423974
6,Organization,0.021895664256239483
7,infectious,0.02180667813334742
8,comparing,0.021016458313216278
9,comparative,0.02066556316363859
10,Source,0.019535588719238835
11,data,0.01853655615977298
12,to,0.0038383589298184584
13,other,-0.0015001024257336557
14,Very,0.0001278845425076809
