,term,net_val
0,Trump,0.33743904349277
1,used,0.1128913092183009
2,left,0.05206253810058793
3,coronavirus,-0.05195836324101598
4,FoxNews,0.0501894645864985
5,ridicule,0.04282278533991171
6,Rivera,0.042115060704279256
7,Deeply,0.04074342400869641
8,disappointed,0.040002804003888136
9,Geraldo,0.039820015186123554
10,that,0.0021941174701414815
11,has,0.002042255179375065
12,to,0.0019404272641179413
13,the,0.0011523715631545654
