,term,net_val
0,case,-0.09080991878704982
1,Iran,0.07967792418966381
2,traveled,-0.04660452751541947
3,50s,0.04336293171878733
4,man,0.042537609444568414
5,Ontario,-0.035728655131594816
6,seventh,0.03101608700939455
7,confirmed,-0.02608137641986644
8,coronavirus,-0.0042901894562493385
9,A,0.002209109886170745
10,s,0.002072528384904859
11,who,-0.0011135189313327032
12,to,-0.0010082634222202782
13,his,0.000969394241875354
14,in,0.0009213285888873667
15,is,-0.0007210005263090794
