,term,net_val
0,COVID,-0.07036081669768621
1,19,-0.0664884381277851
2,Book,0.03887895525566318
3,potential,0.03825017090681758
4,Citing,0.028846605845182914
5,Fair,0.026856826111760792
6,Canceled,-0.020219932936623927
7,spread,-0.01861156505536481
8,concerns,-0.016423890050456334
9,London,0.015767938768020507
10,coronavirus,0.0019201331199540685
11,the,-0.0015675539829567383
12,of,0.0004705778006062545
13,about,0.00019221761602080902
