,term,net_val
0,case,-0.15328704146196565
1,New,-0.11810677677339446
2,returned,0.06552698887276104
3,2,0.058300367562036534
4,Toronto,-0.03991459485563138
5,Colorado,0.03602235864915847
6,Coronavirus,-0.015681389300757034
7,woman,0.015605810552677927
8,40s,0.010335723560010493
9,who,-0.0018155635119961135
10,in,-0.0011527179301669644
11,on,-0.0010701902443884539
12,of,-0.001067908653473536
13,her,0.0007793774827852449
14,from,0.0003398480223843891
15,March,0.0002249327834328994
