,term,net_val
0,COVID19,-0.1274464137551799
1,cdnpoli,0.07346993730317906
2,coronavirus,-0.018077016233117235
3,Practice,0.01789121056544193
4,social,-0.01528155243496816
5,distancing,0.003308429768083628
