,term,net_val
0,positive,-0.14528701667644284
1,tested,-0.09286136326347391
2,Rugani,0.047844991368153435
3,Daniele,0.04691590437554963
4,Juventus,0.04638736437896031
5,announced,0.02155046229768479
6,coronavirus,-0.015480864915479887
7,that,0.0018296776724970997
8,has,-0.0015401687990364104
9,for,-0.0003027144929073575
10,have,-3.341098292471377e-05
