,term,net_val
0,cases,-0.08445051018624615
1,New,-0.06523087429362673
2,US,0.049460198285968204
3,second,0.031736237203284307
4,California,0.025565706603450745
5,Oregon,0.024302288655032256
6,third,0.022614594058110057
7,origin,0.017108987729164513
8,unknown,0.01643315261937656
9,CNN,0.005221864845840484
10,coronavirus,-0.002184753258063597
11,are,0.001365684404442931
12,of,-0.0007993756246235307
13,and,-0.0005974800997046075
14,in,7.702673790024196e-05
