,term,net_val
0,Trump,0.17029229137601812
1,Health,-0.08810942125032774
2,Human,0.04605490698847973
3,Donates,0.04170661187066817
4,CoronaVirus,-0.04170532364076104
5,Help,0.040995459567703584
6,Services,0.040111296247970565
7,Q4,0.03873236655953132
8,Research,0.03715356027157045
9,Salary,0.03630701583869207
10,amp,0.03306769691764575
11,to,0.0004156754613912868
