,term,net_val
0,China,0.07488723809388659
1,Coronavirus,-0.06705301147572539
2,Manufacturing,0.03806085045734291
3,Hell,0.035275068780280604
4,Depending,0.01575792571486092
5,Medicine,0.015201209604387977
6,Pure,0.015143027104594737
7,Stupidity,0.015118737462080775
8,Supplies,0.013332002817399992
9,Medical,0.00129770148566079
10,OR,0.0007150515386444868
11,is,0.0003884313699797857
12,for,0.00035784220236190683
13,on,-0.00026507791666096703
