,term,net_val
0,COVID,-0.06829786110947597
1,19,-0.06700463260782162
2,travel,0.02927737990022221
3,related,0.028558685836605095
4,answered,0.024409572201664554
5,questions,0.014987567578524139
6,Your,0.004731746511737406
