,term,net_val
0,case,-0.011946878656190615
1,New,-0.008915638189962828
2,say,0.007841152878272814
3,novel,-0.005879196321374644
4,health,-0.004860794990063798
5,presumptive,0.0034211712542894126
6,coronavirus,0.002442150017167872
7,officials,-0.0024279879656963154
8,Toronto,-0.0007507545237805768
9,of,-0.00024539050321270415
10,in,-0.00022637531925366808
