,term,net_val
0,COVID,-0.12215939135075399
1,19,-0.11824794309345786
2,American,0.10637397694165547
3,Tests,-0.05659611299719764
4,friends,0.03980055082411138
5,Cost,0.02999282929707685
6,3,0.028408038881388795
7,000,-0.024946534142946186
8,t,0.01790151573131087
9,Don,0.012993024696371053
10,Over,0.00218229459850964
