,term,net_val
0,COVID,-0.038676477400211795
1,19,-0.03582809092433576
2,classifies,0.019928302111317554
3,pandemic,0.014751765266718767
4,Coronavirus,0.006327206714565247
5,a,0.002703296698146387
6,WHO,0.0016995137483750246
7,as,0.0014965005928175197
