,term,net_val
0,isolation,0.05981338411943202
1,Matlow,0.05973646063980936
2,Josh,0.059637634209576754
3,Councillor,0.05947783263117638
4,exposure,0.058798013327151996
5,Toronto,-0.048950362005940724
6,coronavirus,-0.013864888135973748
7,in,0.0009846683513585568
8,after,0.000836119722951499
