,term,net_val
0,concerns,-0.02378895233962287
1,Microsoft,-0.012361540583375701
2,drop,-0.012194115058978537
3,others,0.003967123686009736
4,EA,0.003931084677013627
5,GDC,0.0038364180437081893
6,Sony,0.0036859893135101165
7,coronavirus,-0.0033866821568015832
8,of,-0.0001211023003591586
9,over,-6.515993616233918e-05
10,and,-2.6744982396882996e-05
11,out,-4.59886923806645e-06
