,term,net_val
0,fears,-0.12561744932932292
1,called,0.09523871889231682
2,World,0.04113921153895311
3,Mobile,0.03823170523207815
4,Congress,0.027617578412550962
5,Barcelona,0.01102204987838431
6,coronavirus,-0.007119898874230165
7,in,0.0011346372760203704
8,off,0.0009500415048771245
9,over,0.00019313793142219246
