,term,net_val
0,COVID,-0.1635543641809176
1,19,-0.1614597488838673
2,cases,-0.15535049379890017
3,cdnpoli,0.061589761760965554
4,Trudeau,0.041649936589208195
5,funding,0.03716740811809708
6,increasing,0.02726853490591617
7,number,0.01496309322041285
8,announce,0.006750323869625794
9,deal,0.006489571023762728
10,to,0.0022115863701495783
11,of,-0.0020827571193304793
12,with,-0.0014400133352474643
