,term,net_val
0,Dr,-0.188508398881136
1,preventing,-0.10924295461715025
2,coronavirus,-0.04866814131618042
3,Maheshwari,0.032150126115901304
4,Timely,0.030740243944117156
5,h,0.030012112088010003
6,tips,0.008958215772567625
7,infection,0.0035790647521289766
8,on,-0.0011860652807832825
9,a,-0.000956806289734973
10,own,-0.0005711157615269364
11,our,-0.0003318237976146865
12,by,5.628380457500383e-05
