,term,net_val
0,COVID,-0.30665826129608564
1,19,-0.3027849975288744
2,much,0.12475263032284852
3,without,0.06583360010077856
4,kids,0.05901003633095017
5,talk,0.04557286835727295
6,scaring,0.008629004279913683
7,your,0.008294819604551248
8,too,0.005496744269379157
9,How,0.004771225278595069
10,to,0.004443007575525118
11,do,0.0039851253664650935
12,them,0.0014248452768673794
13,about,0.0005401554195379707
14,you,-0.00025489560762671673
