,term,net_val
0,cases,-0.0737716109286068
1,new,-0.05770558974113331
2,China,0.04271925031374239
3,2,0.03823152063405159
4,first,-0.03224425047883675
5,France,0.02595291907601302
6,builds,0.025531397480148262
7,confirms,0.023700015846475388
8,hospital,0.02317544979341992
9,deal,0.00774110290081168
10,outbreak,-0.0026253152715892862
11,as,0.0017054922833953884
12,coronavirus,-0.001462609182770909
13,to,-0.0003726081860419082
14,with,0.00033078079301466666
