,term,net_val
0,New,-0.05159389462585813
1,declares,-0.03815584950987531
2,emergency,-0.0356677993720242
3,S,-0.02720732113628644
4,19,0.025643654295772263
5,hits,0.02514688643675393
6,York,-0.022431776748084765
7,U,-0.020727272442471474
8,death,-0.012232307370686398
9,toll,0.009121850328941946
10,coronavirus,-0.003469678579521695
11,from,-0.0019227870398115744
