,term,net_val
0,Trump,0.34001003072958946
1,problem,0.07945444171930119
2,Coronavirus,-0.03935883505551944
3,Moronavirus,0.030556028411130462
4,unlike,0.02870225114134022
5,faced,-0.021157997156837048
6,else,-0.019243379577554107
7,anything,0.010045626642746119
8,A,0.0011880227309801115
9,has,0.0007835044479111402
