,term,net_val
0,used,0.13934729025929093
1,cure,0.12271013475340818
2,https,0.11632910384798907
3,China,0.09459060386844968
4,benefits,0.08406505396111971
5,recorded,-0.06719524656287958
6,Substantial,0.05695419302098765
7,breakthrough,0.05458608256390126
8,Coronavirus,-0.04362172050798414
9,IyJwUTTKbc,-0.04126649691034095
10,co,-0.04081177663811067
11,t,0.021637938548627226
12,drug,0.012701413434594779
13,after,-0.0007832192606852369
14,in,-0.000631637099486633
