,term,net_val
0,dog,0.09726093105927557
1,finds,0.08022059681071012
2,coronavirus,-0.045018077530879184
3,illness,-0.03963981914815173
4,transmitted,0.02081246442280008
5,Kong,-0.016839428666241083
6,Hong,-0.016466666778847963
7,samples,0.01627201043515889
8,pet,0.0053503894871301545
9,a,0.0006027877407347676
10,from,0.0003393905002951046
11,be,0.0002704739608499577
12,in,-0.00013154349106915753
13,Can,-0.00012931819116679145
14,the,9.376026514392061e-05
15,to,-3.101456163243843e-05
