,term,net_val
0,Health,-0.028936652219095183
1,declares,-0.028682015898713793
2,officially,0.02548963232278585
3,World,0.025253104078034255
4,Organization,0.02087702872272938
5,pandemic,0.019559669073126763
6,coronavirus,0.0023434014629182603
7,outbreak,0.0018065910699589394
8,a,-0.0005142517722316249
9,the,0.0004119083496574277
10,The,0.0003193002027389891
