,term,net_val
0,scared,0.016287028632029816
1,scare,0.014730926831766373
2,Richmond,0.007709994308235883
3,usually,0.007688209611619782
4,Awesome,0.007679305806098534
5,restaurants,0.0076706412660741494
6,busy,0.007647942410534293
7,customers,0.004767159182280967
8,Vancouver,0.002451614428091941
9,Coronavirus,0.0011442941829683667
10,of,0.0001538399134013462
11,out,8.536597363069345e-05
12,has,7.659741426176203e-05
13,Is,2.9910169836684925e-06
