,term,net_val
0,cases,-0.002371580410734222
1,19,-0.002235553475731202
2,COVID,-0.0022156165289992113
3,four,0.0020451914238868345
4,new,-0.0017516878802245775
5,Ontario,-0.0005966048956171025
6,reports,-0.0005846836327802005
7,of,-0.0002508546470627877
