,term,net_val
0,people,0.0819439028653991
1,Toronto,-0.028918261654546258
2,motel,0.026973615521196478
3,secures,0.02688010827076042
4,isolate,0.01741867282459728
5,homeless,0.01146805833553105
6,space,0.00815939827716389
7,coronavirus,-0.0041602912231159936
8,to,0.00025163657659118155
9,with,0.0001919597222156349
