,term,net_val
0,COVID,-0.0673435996110171
1,19,-0.06595920445322642
2,please,0.03524165888331057
3,Health,-0.03174496378258552
4,website,0.024840141318060907
5,latest,0.018323518543911576
6,visit,0.015165054775559765
7,updates,-0.0127751754368405
8,Public,-0.01116843706125892
9,on,-0.0014007158399577694
10,at,-0.0007954697940263318
11,For,0.0004362368744236183
12,the,-0.0004047845411274958
13,coronavirus,0.0003381365428884428
14,s,-0.00020040637294550085
