,term,net_val
0,19,-0.1545842411335139
1,COVID,-0.14808594341562026
2,positive,-0.10970520680728074
3,novel,-0.08627837657530404
4,tests,-0.06858541624165367
5,stop,0.047965719504376905
6,workers,0.04638092001532933
7,passenger,0.036401653265508066
8,seek,0.036134303941114984
9,protection,0.029729107992617358
10,Next,0.025746942710024638
11,coronavirus,-0.016765814667653152
12,Transit,0.00897953877804796
13,for,0.0024208380131971186
14,after,0.00022145761582455738
