,term,net_val
0,lied,0.04843584634227587
1,lie,0.017654966716421843
2,global,-0.01398507033685999
3,2,0.010323533276739894
4,Coronavirus,-0.009779389445136615
5,USSR,0.004462753509345285
6,Fukushima,0.003912117386384603
7,Chernobyl,0.0037179765776584155
8,China,0.0030129741401048763
9,Countries,-0.002733617506203567
10,Ego,0.002378061852184341
11,1,-0.0023270014772221225
12,Japan,0.0010659963843547783
13,about,0.00018729425792505665
14,has,1.4174562000704925e-06
