,term,net_val
0,case,-0.04271609044701171
1,California,0.016979512062126
2,First,-0.016746877654092572
3,S,-0.016598311815582346
4,Northern,0.014559046752998338
5,U,-0.014120560960265724
6,washingtonpost,0.012990616023699405
7,origin,0.011155313989518748
8,confirmed,-0.010354537754148355
9,unknown,0.009915775580392082
10,BREAKING,-0.006416166569391192
11,in,-0.0010574748094381106
12,from,-0.001003108179920329
13,coronavirus,0.0008517741137036082
14,of,-0.0004607822487268518
