,term,net_val
0,mortgage,0.021885002661022245
1,payments,0.021873560654443885
2,BBC,0.01767128198108933
3,Italy,0.01699009374715191
4,amid,-0.016850086660345768
5,suspend,0.008277491994534855
6,News,0.005446308150028997
7,Coronavirus,0.0010989735279959868
8,to,0.0003405084141742389
9,outbreak,-4.382606896425017e-05
