,term,net_val
0,19,-0.005688766251095142
1,COVID,-0.005681977238033232
2,case,-0.005448558740967741
3,Sudbury,0.0038934286996886187
4,Coronavirus,0.0016089413091389029
5,First,-0.0015967291578285088
6,confirmed,-0.0005137280982733904
7,update,0.00047611135991748637
8,of,-0.00017454257309825347
9,in,8.508879933860921e-05
