,term,net_val
0,Trump,0.2932112472782041
1,travel,-0.14052466977907066
2,called,0.10577297397715943
3,Chinese,0.10053557131127672
4,spread,-0.09514874001871346
5,prevent,-0.09386920621141338
6,blocked,0.06962011685459506
7,Coronavirus,-0.0514623037308402
8,Chuck,0.023844244010682036
9,Schumer,0.021094324217550333
10,racist,0.0018376581915668638
11,the,-0.001735872560632077
12,of,-0.0007368169620400437
13,it,-0.0004335858114946302
14,to,0.00039388263220393354
15,When,-0.00019949285673583314
