,term,net_val
0,using,0.10016847149678591
1,track,0.04662393700355629
2,spread,-0.0434039152425755
3,researchers,0.04197993207874864
4,Canadian,0.03176780763718544
5,data,0.0270076118956852
6,CANADA,-0.01291105899466422
7,coronavirus,-0.00973612566289205
8,the,0.0005490420133138661
9,to,0.00046550450638151316
10,are,0.0002164547176881972
11,How,-0.00016042489466853963
12,of,6.351516644223097e-05
