,term,net_val
0,case,-0.08793089794575341
1,COVID19,-0.056626256812164405
2,doctor,0.044550476476769914
3,first,-0.03795342611031852
4,Halton,0.031434971399620634
5,coronavirus,-0.0026805509293595475
6,has,-0.001876712641821354
7,its,-0.0014517653982849597
8,THIS,0.0011653734127313959
9,JUST,-0.0005824450211237211
10,a,-0.0004267066556292045
11,s,-0.0003865767238705181
12,and,0.00030743170499362803
13,IN,0.0002623700557830737
14,it,-7.57034297301313e-05
