,term,net_val
0,NEW,-0.07434158273410742
1,year,-0.05261601257870452
2,man,0.045647509768671476
3,reports,-0.0365070908301532
4,old,0.03206987433364356
5,5th,0.027841454575606724
6,Italy,0.019549706506187543
7,death,-0.017823739976754856
8,88,0.010607771104690838
9,coronavirus,-0.0023296433758646855
10,from,-0.00021611932752126808
11,an,-0.00015931973595021665
