,term,net_val
0,Trump,0.21718815443752149
1,covid19,-0.10916031281129172
2,travel,-0.09144113315897315
3,banned,0.07266204014532619
4,Tom,0.05976426368143589
5,Since,0.054139777770235396
6,cancelled,-0.05357943784576507
7,Europe,0.029576084382614796
8,9pm,0.02898811981026792
9,Hanks,0.023432992989707642
10,coronavirus,-0.021857921081051824
11,season,0.011800608894987089
12,NBA,-0.010641011272277217
13,from,-0.0014488913954787215
14,has,0.0001335336969353596
