,term,net_val
0,suggests,0.11569218845001744
1,everyone,0.10485601622792605
2,let,0.09111760501550079
3,would,0.08915971027455857
4,infected,0.06762230957664328
5,better,0.05161394655260105
6,Coronavirus,-0.04651526635132696
7,RickSantelli,0.03348591231699701
8,2,0.03258250929380581
9,get,-0.022700107193480697
10,with,0.004139190247864663
11,that,0.0031193021200228987
12,to,0.0019040961200970708
13,it,-0.0005500748206224537
14,so,-0.0004533570877075383
15,be,-0.00014502961112971687
