,term,net_val
0,Pence,0.10894792948756692
1,emergency,-0.10460540259844105
2,solution,0.06261102976211043
3,Mike,0.05362552212257347
4,coronavirus,-0.04737575111718464
5,praying,0.02892462456185937
6,screwed,0.026791782634140105
7,team,0.02618624407590087
8,his,0.0016948629730890717
9,We,0.001033769455805501
10,are,0.0008642435920888051
11,for,0.0007778130481893462
12,a,-0.000497514645932313
13,and,0.0004037934550175416
14,so,-0.00033342287369234877
