,term,net_val
0,CoronaVirus,-0.030374779650433205
1,Wear,0.024093854302535543
2,hands,0.01973535858242439
3,stop,0.01493238045423666
4,that,0.01376075531697158
5,HIV,0.013677533019841823
6,condoms,0.01354644528826102
7,s,0.013118383937945614
8,CoronaVirusChallenge,0.012958439990171312
9,theory,0.011302622383817261
10,on,0.0005525705009633336
11,my,0.0005121845141109728
12,If,-0.00027861740587186096
13,your,0.00016401379836584695
14,can,9.157673768924162e-05
15,it,4.28667474741476e-05
