,term,net_val
0,China,0.04917116642810683
1,impact,0.016444628042548384
2,record,-0.0076835737156873245
3,intraday,0.0062260830619116445
4,stem,0.006184052392628541
5,Nasdaq,0.006113583274350006
6,aims,0.006102490922857723
7,coronavirus,0.001206285640320956
8,opens,0.0007046103048308545
9,to,0.00038304350008752094
10,at,0.0003304655372918138
11,as,2.1482054920552513e-05
