,term,net_val
0,systems,-0.04174639220169879
1,response,0.03492745149722007
2,Brampton,0.02808787883612503
3,cleaning,0.02762934785147072
4,transit,0.023172186117091993
5,Mississauga,0.007906665634014392
6,step,0.005005314824812174
7,coronavirus,0.0006468829004996509
8,up,0.0006050340976986549
9,in,0.0005278395604186162
10,to,-0.00039567213285297685
11,and,-0.00030572716418281925
