,term,net_val
0,COVID19,-0.1807801800370579
1,cover,0.13284930632480338
2,CoronaVirusUpdates,0.1285188352197216
3,concerned,0.10875573347993288
4,China,0.09746234748159184
5,Western,0.08820451722810668
6,government,0.08714842266815015
7,authoritarian,0.0867810477339823
8,outbreaks,-0.047090109123894386
9,coronavirus,-0.04458930192854082
10,will,0.001764278490556013
11,up,-2.4318151832016415e-05
