,term,net_val
0,19,-0.0276071695292438
1,COVID,-0.026461053933582522
2,2020,0.016580129960281808
3,Awards,0.014401653162320538
4,JUNO,0.013725297303952156
5,due,-0.00683558285563133
6,canceled,-0.005723743539211441
7,been,0.0014628306085681692
8,The,0.0011883837580847537
9,have,0.0005735462714508844
10,to,0.00014655324104612783
