,term,net_val
0,eating,0.15294245984722715
1,like,0.1196536562908738
2,people,0.10800035497196292
3,coming,0.10685397728947166
4,People,0.10568735028984377
5,China,0.08061021214462957
6,Coronavirus,-0.060644096553113896
7,shit,0.04856500557956634
8,wondering,0.034731225125913034
9,is,0.004995879436233311
10,this,0.0038173522723878384
11,and,0.0034293218970202557
12,in,-0.002030477987095714
13,from,0.001996550368198066
14,where,0.0004638601943439822
15,the,-0.0003509183223243314
