,term,net_val
0,positive,-0.20895309859887903
1,Iran,0.20506048638594807
2,tested,-0.14224881292079786
3,8,0.11119704747363138
4,parliament,0.0769546828071068
5,Parliament,0.07546231962755447
6,Speaker,0.05879769370022399
7,Deputy,0.058308182809575636
8,says,0.054559093210359594
9,coronavirus,-0.042749422984345656
10,of,0.0009238471973102723
11,s,0.00037063323692676395
12,has,-0.00026648127717070837
13,the,-0.00020530508181592155
14,for,-1.4334176541462005e-05
