,term,net_val
0,COVID,-0.0411752676248928
1,19,-0.04053474094668457
2,St,-0.03179650296451672
3,Novel,-0.023756896009081263
4,Anthony,0.013561190202665748
5,Update,-0.007416269422588183
6,News,0.002250599565848532
7,School,-0.001883577389379131
8,Coronavirus,0.0010124555803625842
9,on,-0.00012556005059225387
10,the,-4.38114576478084e-06
