,term,net_val
0,Trump,0.07167525148810341
1,Coronavirus,-0.02754601090702042
2,Like,0.017835547036771288
3,Pelosi,0.01045488365311535
4,Meet,0.0026430486978973786
5,Childish,0.0023060229526521768
6,Her,0.000867736509822776
7,With,0.0008476358926964565
8,On,0.0008012822753447746
9,t,0.0005637372864211914
10,Won,0.00035471437104733604
11,Doesn,-0.0002550750267902422
12,Because,-0.0001738797111308423
13,He,-0.00015049219342149343
