,term,net_val
0,COVID,-0.26791678282704273
1,19,-0.24883312928929593
2,RT,0.11048259004577667
3,please,0.08862720613449895
4,information,0.0722263636669667
5,best,0.06640855542396595
6,read,0.037428380997258
7,source,0.02635999857183953
8,and,0.01072282857055281
9,Your,-0.004997853068673189
10,of,0.0012557313797965858
11,during,9.46561650356078e-05
