,term,net_val
0,hoax,0.13350894080017872
1,call,0.08271516616898776
2,Coronavirus,-0.05788735386812372
3,News,-0.047433235605276694
4,NEWS,-0.047118295250947025
5,realDonaldTrump,0.017714653071715995
6,publishing,0.01302052150718431
7,ABC,0.012925044428737063
8,a,-0.0013661183900457743
9,FAKE,0.0013048505345554205
10,is,0.000569718316398612
11,DID,-0.0005613155945102025
12,NOT,0.00017246887475379978
