,term,net_val
0,Iran,0.09017340665795386
1,began,0.0785248770986918
2,outbreak,-0.05306293470045337
3,coronavirus,-0.05043132742711308
4,Islamic,0.02709792258647408
5,crooks,0.021000735747215945
6,liers,0.01975227708368517
7,Republic,0.014335717050126574
8,and,0.0022485076674737484
9,s,0.0010272090752637033
10,of,0.00101595818936623
11,How,6.822129535993841e-05
