,term,net_val
0,new,-0.03494091876693045
1,Thursday,0.018066010191669313
2,largest,0.017895951990096724
3,reported,-0.016352580138525558
4,number,0.014820954416528604
5,South,0.014305062619656538
6,infections,0.012842368492859654
7,Korea,-0.007487862274779859
8,yet,0.0058920092602808725
9,coronavirus,0.0025752112274254075
10,on,0.0003827751662250589
11,its,0.00018776582679819632
12,of,3.741441618312519e-05
