,term,net_val
0,Houses,0.11384633947970077
1,Miracle,0.09641635789962498
2,Sauce,0.09589718160259669
3,Smeared,0.0954396907384943
4,Passes,0.09493265566828701
5,Door,0.09333323381422123
6,Posts,0.0701177078139424
7,Coronavirus,-0.05532705631695248
8,Chick,0.04015352706754431
9,A,0.03894365512602868
10,Fil,-0.018210206721393812
11,On,0.003556368576438819
12,Over,0.0031813406984729075
13,With,0.0006169250943593907
