,term,net_val
0,health,-0.11056668244207063
1,spreads,-0.06393282208639134
2,Opinion,0.03888058384228764
3,universal,0.037487811802310714
4,Canada,-0.026632244447065075
5,coronavirus,-0.021347444318687226
6,glad,0.002508932569633199
7,we,-0.0013329890254510405
8,care,-0.0012046108021151925
9,in,0.0007995433079845184
10,As,-0.0006929230772554285
11,I,0.0004706490596181563
12,have,-0.0003905509210495095
13,m,-0.0003162325060801608
14,the,-0.00016962342847889281
