,term,net_val
0,amid,-0.07995808785298776
1,claims,0.06597273354482111
2,removes,0.06450806473044912
3,products,0.05500643611942495
4,million,0.05451733407197826
5,price,0.043467166849646244
6,gouging,0.04112666177329859
7,misleading,0.03920675887669665
8,1,-0.033495165722488285
9,outbreak,-0.03272943436592275
10,coronavirus,-0.0291579040969598
11,Amazon,0.021325407981916147
12,for,-0.0001250633694204448
