,term,net_val
0,man,0.08800370586403489
1,diagnosed,0.07452393164672552
2,Sudbury,0.05434298202377305
3,attending,0.053845050951084654
4,Toronto,-0.05022160409189057
5,conference,0.019851340261552056
6,coronavirus,-0.01399445416677886
7,with,0.0009825731606280424
8,after,0.0009022980149781216
