,term,net_val
0,Covid,-0.16018379519832443
1,19,-0.15967077191493936
2,COVID19,-0.08788605331247897
3,CoronaVirusCanada,0.07357471695726213
4,CoronavirusPandemic,0.0669141150951557
5,Short,0.040751021705057865
6,financial,0.04022595974143504
7,term,0.03686414219322538
8,relief,0.030029846180392745
9,pandemic,0.02500141833477445
10,overseas,0.022279621375883244
11,during,-0.0005416164563354043
