,term,net_val
0,everyone,0.11225747196847163
1,infecting,0.07016765019766287
2,Coronavirus,-0.060062369328674245
3,campaign,0.04868707006229055
4,Maybe,0.034854116229126694
5,thin,0.033777023034334996
6,mission,0.0332769804393497
7,herd,0.032535796346479906
8,entire,0.017642662084049226
9,is,0.0030870993414255574
10,to,-0.0027207178175738143
11,his,0.0024345947871603135
12,by,0.0015727942226765126
13,with,0.001009358901982323
14,out,0.0007291417110573583
15,the,0.00014886161439253603
