,term,net_val
0,Coronavirus,-0.04491749684549397
1,Numbers,-0.01945291817091813
2,Data,-0.019114816930887644
3,Latest,-0.015091430449998793
4,Misleading,-0.00971168420930729
5,Still,0.00801062254706937
6,Tell,0.0031990848424899476
7,What,-0.0002667609304719739
8,Here,-0.0001386485190483946
9,Don,-0.00011942284446503023
10,the,-0.00010883364120183705
11,s,3.770897596455504e-05
12,Is,1.6643501284094797e-05
13,t,-1.3884234058968179e-05
14,You,-7.977330470228138e-06
