,term,net_val
0,buy,0.10768739485262475
1,S,-0.08675847757144707
2,U,-0.08467756874293772
3,could,0.08366510208815484
4,time,-0.05768787642002712
5,valuable,0.04750876374681026
6,coronavirus,-0.028243591032754093
7,Social,-0.023166937817823495
8,distancing,-0.002291067434982741
9,against,-0.001954087981492713
