,term,net_val
0,19,-0.005762553349049228
1,COVID,-0.005730145774346653
2,fears,-0.004457638741271761
3,Coronavirus,0.0015659816458474534
4,torch,0.0012557869744110287
5,ceremony,0.0011982813240252908
6,downsized,0.0011817677839851745
7,Olympics,-0.00026807680401399564
8,over,0.000159348818689798
9,Tokyo,1.3578545223383429e-05
