,term,net_val
0,Travel,-0.17834837775307563
1,Plans,0.12992534381725596
2,Due,-0.11543649124171443
3,Change,0.1073033951862829
4,Options,0.06908491310867798
5,Coronavirus,-0.04079896549193006
6,Need,0.011312414276732857
7,Your,-0.0018295383338070962
8,to,-0.0009617085394748855
9,Are,0.0009198165695064052
10,These,4.92062793094478e-06
