,term,net_val
0,amid,-0.1338798537360594
1,toilet,0.12274499194409323
2,stockpiling,0.11339537304856799
3,fight,0.11318621556369764
4,paper,0.10549023445026397
5,shopper,0.09704708422764827
6,draws,0.09633823712464583
7,knife,0.09564158604187901
8,Australian,0.09508594674797198
9,coronavirus,-0.06397730256431794
10,over,0.0037369747345480835
11,in,0.0007750650605190779
