,term,net_val
0,Covid_19,-0.22392734790019683
1,coronavirus,-0.05855463086929951
2,contagious,0.047299874489029066
3,Ignorance,0.03794007414250788
4,misinformed,0.03779487643766317
5,dangers,0.037379410837552564
6,of,-0.0005615293272743729
7,being,-0.0002238638609316
8,The,-0.0002011979661514495
9,is,-0.00011700643841027587
