,term,net_val
0,Wuhan,0.11811830790083737
1,Virus,0.06785743756512648
2,Stay,0.0617006401985191
3,Safe,0.060038409150423085
4,RT,0.03837802401514934
5,SuMoh7,0.03601996332986384
6,Pls,0.03378853413060483
7,WuhanCoronavirus,0.033517255807318416
8,Coronavirus,-0.03341626257284351
9,WuhanVirus,0.032585669819239466
10,PSA,0.023557835203733505
11,retweet,0.022789733272278685
12,How,0.001727892370095782
13,to,0.0009722856985476709
14,The,0.0005487113796553911
