,term,net_val
0,tried,0.057489142799747164
1,Coronavirus,-0.04389545118447089
2,soup,0.026201154652759136
3,bat,0.025800293393025444
4,totally,0.012765523749857238
5,Drizz061,0.012066817895745107
6,worth,0.012042246902328819
7,even,0.00675455271503242
8,Have,0.0010406301423425738
9,you,0.0005124098281176781
10,it,-0.00043974911045355144
11,is,-9.294501302449545e-05
