,term,net_val
0,refuses,0.19917574431769783
1,times,-0.08509232267679184
2,Canada,-0.06397415367989837
3,coronavirus,-0.05758232763491271
4,Gov,0.03163060094588827
5,living,0.0278921054218737
6,scary,0.02662220791282767
7,protect,-0.014245845220945236
8,Canadians,-0.008904641987381902
9,from,-0.0008997128270350159
10,are,0.000713426907395575
11,to,-0.0005584711123369205
12,We,-0.0003869679793140947
13,in,-8.75412541201137e-05
14,t,8.049785944614756e-05
