,term,net_val
0,Watch,0.14452295094176976
1,Trying,0.14391845223483768
2,PresidentTrump,0.1013779503485647
3,Plan,0.07539785302247085
4,Incite,0.07010261465330646
5,Points,0.06116511323844403
6,Deliberately,0.05865578315529899
7,CoronaVirus,-0.05146062310326577
8,CNN,-0.034227200294612105
9,Talking,0.03262523747152017
10,Panic,0.019872181498184628
11,Been,0.005231872655222803
12,No,0.003697975846846999
13,With,-0.0003469538175945962
14,Has,-0.0001346707358760741
15,To,2.8243318112364325e-05
