,term,net_val
0,test,-0.09801343414238352
1,free,0.05171209644365024
2,Florida,0.05119821708103738
3,coronavirus,-0.04867810941529661
4,police,0.04666224523488872
5,dept,0.04648277680993974
6,contaminated,0.045811743475981576
7,meth,0.044827462655020536
8,your,0.0006961533709374613
9,This,0.0006718100385702225
10,will,0.0004862084018181351
11,with,-0.0003384198283509838
12,Is,0.00032480119129832104
13,for,-0.00024471715968034337
14,it,0.00011780162115162306
