,term,net_val
0,COVID19,-0.07842615936990206
1,novel,-0.06880336400951657
2,via,-0.04568207022312552
3,AFP,0.03621318905481829
4,know,0.0355046470004864
5,coronavirus,-0.006752059464450648
6,From,-0.0012733008823695548
7,What,-0.0011091391840590391
8,WHO,-0.0010895759047717677
9,about,-0.001079177576327298
10,the,0.0004625578342294691
