,term,net_val
0,coronavirus,-0.055963045462993986
1,carry,0.04465474736273143
2,hipsters,0.04421632852838854
3,Lumberjack,0.044106812277591625
4,beards,0.04375566142874446
5,germs,0.04347585867984144
6,Enjoy,0.043448014808043806
7,Swiss,0.04316316921411294
8,dog,0.04294494848218768
9,fur,0.04259733766747697
10,according,0.01806903577696866
11,researchers,0.010095264959749072
12,to,0.0012511985695333907
13,than,0.0005437757384339265
14,more,0.0003082156285967654
