,term,net_val
0,refuse,0.22574952443497084
1,test,-0.1351926136520184
2,Florida,0.0860147972482046
3,coronavirus,-0.060799629975251984
4,Doctors,0.05129759496121735
5,likely,0.03903413894114353
6,tell,0.025397292881819397
7,woman,-0.01900158769150938
8,to,-0.003297626712835849
9,it,0.0009533428810871659
10,has,-0.0005366344717429603
11,for,-0.00041599834552152946
12,but,-0.000334730894445018
13,she,-0.00011450881040188005
14,her,-0.00010690763687571452
