,term,net_val
0,Wuhan,0.15706167121948905
1,infected,0.13564065151587248
2,People,0.1215107712769332
3,coronavirus,-0.06832668321663728
4,could,0.06177350765892048
5,finds,0.0527180062861158
6,initial,0.045002793717127385
7,know,0.03112111225448545
8,study,0.01944749060297784
9,be,0.0035954700695723803
10,and,0.0020854998949161483
11,with,0.0017313898056269801
12,not,0.00013667751001633684
