,term,net_val
0,19,-0.18169210041626688
1,COVID,-0.17344438636601095
2,Ontario,-0.07333553013164551
3,staff,0.060972709090485654
4,homes,0.05041779596012149
5,residents,0.04871927394162561
6,tells,0.048079690488662834
7,visitors,0.03834044504494805
8,screen,0.03423608440562734
9,term,0.011915618800906145
10,long,0.008693938276563673
11,for,0.0059720303293774105
12,and,0.005559886183624311
13,care,-0.0025503531377708936
14,to,0.0010272701829577527
15,all,0.0006109179920739306
