,term,net_val
0,hotline,0.013845626067526517
1,sets,0.011859681489978142
2,Health,-0.011288418350685404
3,amid,-0.003971182470487765
4,coronavirus,0.0039003581339816947
5,outbreak,0.0033063651177938722
6,Toronto,-0.0015366349005606797
7,Public,-0.0012033656227439231
8,up,0.00010717094813994186
