,term,net_val
0,new,-0.055546578989651374
1,THINK,0.022429515554713623
2,coronavirus,-0.0220171612284552
3,people,0.014750377648291431
4,symptoms,-0.012988469458340299
5,YA,0.010377492049571772
6,transmitted,-0.010237929977630972
7,Study,-0.004675403792964146
8,without,0.003220041702768517
9,flawed,-0.0026001324726279513
10,claiming,0.0011649277482285506
11,be,-0.00033550099282964453
12,was,-0.00011831430486109727
13,can,5.644745911798706e-05
14,by,-8.905698536696365e-06
