,term,net_val
0,covid19,-0.055141143611272106
1,Ontario,-0.033721909382488195
2,ordered,0.03261424335451106
3,cdnhealth,0.026216739823921833
4,Break,-0.015804138502966848
5,BREAKING,-0.01575632238385295
6,schools,-0.00839652437233269
7,closed,-0.00502684112843378
8,March,0.0048204134408553504
9,coronavirus,-0.004505226373815697
10,after,-6.41171850778428e-05
