,term,net_val
0,19,-0.02415271369274897
1,COVID,-0.023496050196034984
2,may,0.019704098390891187
3,Tokyo2020,0.01158320371111004
4,due,-0.005855817123532852
5,Olympics,-0.005702645005320706
6,risk,0.005437019881457013
7,be,0.0008917890458722608
8,at,0.000568439285685472
9,The,0.0003347884126870355
10,to,-2.4150774573591418e-05
