,term,net_val
0,T,0.21603946784166284
1,ISN,0.2150008918982843
2,MARKET,0.12171062513209238
3,REAL,0.1204322712071922
4,STOCK,0.08626515279189527
5,REEEEEEEEEEEEEEEEE,0.055357896984555933
6,CORONAVIRUS,-0.051600022411415994
7,NEWS,-0.036203340882813614
8,ECONOMY,0.035839649176671394
9,FAKE,0.030485647370006592
10,THE,0.007957143046745824
