,term,net_val
0,China,0.04532164830394668
1,Travel,-0.040179308253475376
2,Live,-0.025862788112158062
3,Urges,0.02479834503223194
4,Department,0.02002563858679496
5,Surpass,0.019465480561531308
6,200,0.019260235370350556
7,Deaths,-0.014144604847010718
8,Updates,-0.012083888748913703
9,State,-0.010475868893584697
10,Coronavirus,-0.0026748428400788717
11,to,-0.00046900513787027996
12,and,0.0003170450087366688
13,Against,-0.00023155754286082394
