,term,net_val
0,19,-0.05218643814589256
1,COVID,-0.05172845701825603
2,economic,0.018549722868773003
3,spend,0.017040820329495252
4,spread,-0.009766411787024584
5,impacts,0.00961782497568636
6,billion,0.009487561320469112
7,UPDATED,-0.0053758174502342194
8,Canada,-0.0018400260212264711
9,combating,0.00023184943149335706
10,to,6.36236186857815e-05
11,1,2.1109719602499297e-05
