,term,net_val
0,media,0.025383521790662167
1,misinformation,-0.012070690087223621
2,spreading,-0.00616541709427467
3,social,0.0058918857722731685
4,Coronavirus,0.005234014682814959
5,over,-0.00018357178963274688
6,is,0.00014853490144281557
7,all,2.7929607054097775e-05
