,term,net_val
0,19,-0.17955150485258
1,COVID,-0.17853366162819206
2,see,0.12169312820650872
3,https,0.07110361367696136
4,PSA,0.05175885042009417
5,story,0.041180370348105184
6,Startups,0.030332546333041485
7,Elad,0.029480052359507996
8,Blog,0.028903492613989872
9,Coronavirus,-0.0180128424769376
10,ArOEa0YQV1,-0.008844849935763247
11,co,-0.006886904595194784
12,more,0.0038435213908693325
13,t,-0.00186162183283005
14,for,0.001399159530075012
15,Top,0.0004698297411087613
