,term,net_val
0,China,0.05487623249855123
1,Greece,0.031912105552705315
2,Air,0.029764667549280924
3,Amid,-0.02507866248172823
4,Cancels,-0.02297265840386065
5,Flights,0.013681429963725214
6,Outbreak,-0.0020428446310850634
7,All,0.0004851124781129987
8,to,0.0002852958784928205
9,Coronavirus,7.373045864853748e-05
