,term,net_val
0,Really,0.0983513958400789
1,coronavirus,-0.058192674326912795
2,SARS,-0.05613854663176211
3,thoughts,0.03978797654971795
4,one,0.028478768715323472
5,experienced,0.018293272247495503
6,crisis,0.018075121555685386
7,never,0.016503666721778127
8,doc,0.014594607274890386
9,important,0.013354098300455674
10,the,-0.00046940259955586205
11,for,0.000363306683582387
12,from,-0.0003282922121531587
13,has,0.000256118647371812
14,a,9.736131198311835e-05
15,who,4.858655919044953e-05
