,term,net_val
0,potentially,0.089210850310978
1,manufacturered,0.06180945310979969
2,episode,0.06001499099880391
3,PropagandaWars,0.05979877471034691
4,Wahu,0.058947114079274825
5,Coronavirus,-0.05635815460084378
6,Please,0.047778884472118546
7,could,0.03863766150389115
8,check,0.012869626988028546
9,latest,-0.0030602296805344125
10,be,0.0010846046212433364
11,out,0.0008411480536736862
12,a,0.0006487365133989527
13,the,-0.0002015321450101334
14,The,-0.00010584279322070252
