,term,net_val
0,Eating,0.17629565677116385
1,Chinese,0.1504582103714714
2,People,0.1254336049875794
3,Bat,0.10923877716765115
4,Soup,0.1061510794391569
5,Coronavirus,0.08852919870889867
6,Linked,0.08209802208577463
7,Video,0.038610842646212326
8,to,0.010800095061551664
9,the,0.006763180001310711
