,term,net_val
0,Trump,0.17042277628105484
1,New,-0.11461426458150166
2,hoax,0.09399550636350539
3,Donald,0.0877679237716223
4,Everyone,0.08074546887253083
5,spreading,-0.06892583271075149
6,called,0.06065764653364407
7,false,0.04445539834565928
8,coronavirus,-0.040614939325138794
9,rules,0.03848050397098494
10,disinformation,0.027402900603379635
11,violating,0.024310909621571578
12,the,0.007904684326278482
13,that,-0.003982537103564131
14,is,0.0028003416627350357
15,a,-0.0009304417994012851
