,term,net_val
0,developers,0.02591818164887636
1,F8,0.02577076971886999
2,conference,0.016388554844618996
3,cancels,-0.012531707177262786
4,coronavirus,0.0045906140812703045
5,over,0.00026513529871200663
6,Facebook,7.53103236552139e-05
