,term,net_val
0,19,-0.04056620235938354
1,COVID,-0.03877152730380316
2,stop,0.02981651148748646
3,racism,0.026914285255329302
4,spread,-0.010489953936465636
5,How,0.0014589915515843426
6,outbreak,0.0012262341329420448
7,the,0.0011987144808367784
8,during,-0.0005031159875538427
9,to,0.0004289873492426455
10,coronavirus,0.0004269626706668093
11,of,-0.0002958218593461609
