,term,net_val
0,19,-0.014040012910391973
1,COVID,-0.013936967952945724
2,positive,-0.009369085352363093
3,says,0.00875657694284624
4,Physician,0.007769803839292213
5,Hamilton,0.0077044018022581345
6,health,-0.006570799012299546
7,tested,-0.004991017737556746
8,Coronavirus,0.001536630907447278
9,for,0.00017586911281445964
10,public,5.967999896923545e-06
