,term,net_val
0,Government,0.0388978939464886
1,Commits,0.020315129873084585
2,Spread,-0.016171673728018046
3,Billion,0.013657087916700027
4,Federal,0.013295536496675003
5,UPDATE,-0.009575813777544117
6,Combat,-0.0016139568122867614
7,1,-0.0009442818466177281
8,Coronavirus,0.0006417783816445321
9,of,0.0005217404267227291
10,To,0.00018453611145593355
