,term,net_val
0,China,0.0719944072937283
1,reports,-0.060909991285164215
2,S,-0.054878618894000586
3,U,-0.0451959185713427
4,spreads,-0.03760002936348798
5,United,0.031901565336997534
6,David_Culver,0.027728265838846744
7,coronavirus,-0.012896480117244591
8,Airlines,0.012338429069602957
9,flights,0.010734250425040986
10,suspends,-0.008221713414402336
11,some,-0.0033067842582235134
12,between,-0.0013574708104921445
13,as,0.0012007066742531214
14,and,0.000645678871127328
