,term,net_val
0,COVID,-0.07763784418986838
1,19,-0.07460870619198114
2,New,-0.05683219267945185
3,avoid,0.04136271048042047
4,2,0.036774868230552246
5,ordered,0.029406033512258366
6,Brunswick,0.023214172752310486
7,travellers,0.019982725842234265
8,amid,-0.019608615466400765
9,International,0.01552368498349866
10,weeks,0.010312517098846256
11,schools,-0.007127057507893598
12,outbreak,-0.002548871444435966
13,to,-0.000827133905520935
14,for,0.00024775880725351354
