,term,net_val
0,COVID,-0.07444095990517215
1,19,-0.07079499217336793
2,virus,0.0633315925865959
3,positive,-0.05827959339741336
4,also,0.04380799531389337
5,tests,-0.03741449467328712
6,Ontario,-0.03051046861912592
7,patient,0.026211779849539287
8,fifth,0.02290093571770709
9,Husband,0.021885902812449027
10,s,0.003019965326039584
11,for,0.002047105736926697
12,of,0.0010709416042324193
