,term,net_val
0,COVID,-0.1253930920666157
1,19,-0.12402599228206333
2,Games,0.03171008150599137
3,Board,0.03072048559716187
4,Executive,0.030103750232812136
5,statement,0.027716250101987954
6,Olympic,0.025647773719116234
7,IOC,0.024459512304925022
8,Tokyo2020,0.018580299483928246
9,and,0.0041638663252054
10,coronavirus,-0.002855126266247099
11,on,0.002717917189560827
12,the,0.002603104486067911
