,term,net_val
0,19,-0.276965718942119
1,COVID,-0.2698330997136433
2,4,-0.08976020386385301
3,worldwide,0.03960521689573649
4,know,0.03241953103825929
5,coronavirus,-0.025181273514498757
6,everything,0.0176273353294134
7,3,-0.015506497997191112
8,is,-0.0075641199276603455
9,rate,0.006976734649030088
10,s,0.004731239687960427
11,Here,-0.003575441248987326
12,about,0.0018331197405031833
13,we,0.001696555774876242
14,Mortality,-0.001254692457219794
15,of,-6.390007919153973e-05
