,term,net_val
0,19,-0.16867446045214343
1,COVID,-0.1677989422113474
2,cases,-0.14395411796268867
3,new,-0.11729604454111708
4,C,0.05796153449073367
5,2,0.053463671741629075
6,workers,0.04181652883148712
7,7,0.03598927393104355
8,care,0.029685898133837596
9,health,0.02794461605733055
10,confirms,0.026866058865903146
11,Coronavirus,-0.02129870243029961
12,them,0.003782401929242047
13,B,0.0015795945355904946
14,of,-0.0012955485160814552
