,term,net_val
0,infected,0.10839394095346379
1,people,0.09624484556895507
2,British,-0.09364969458671064
3,coronavirus,-0.06686179828769906
4,get,-0.026120251778567073
5,offering,-0.012292458310827798
6,takers,-0.012041863816759974
7,4600,-0.011713915098938247
8,company,-0.00793091753245306
9,pay,-0.004511191301679211
10,Any,-0.0007451755954651808
11,to,0.0003675713262429451
12,with,-0.0003218621640026328
13,is,-0.00014521299929839556
