,term,net_val
0,cases,-0.005309946198402032
1,New,-0.0036752876915792016
2,76,0.0033596480151087313
3,soar,0.0026262681445899713
4,declares,-0.001862813617842689
5,emergency,-0.0017791727869955138
6,Cuomo,0.0017751452397661387
7,coronavirus,0.0015867689328920359
8,state,0.001572217758343988
9,York,-0.0003421787385011173
10,in,-8.829454656129373e-05
11,as,4.001921630460424e-05
12,of,3.4501072277518355e-05
13,to,-2.1892208449310296e-05
