,term,net_val
0,novel,-0.18419744922245743
1,last,0.17493513269913288
2,discharged,0.08069957664567096
3,hospitalized,0.07306109810718266
4,Sunnybrook,0.07214663243369802
5,home,0.05948682869354545
6,morning,0.05358100344329202
7,coronavirus,-0.049278678566377736
8,patient,0.04294669224112385
9,week,0.003881618370252599
10,This,0.0016672324136316205
11,who,0.001535767639593552
12,the,0.0006354409443690021
13,was,-0.0003574588103790423
14,with,-0.00018031124442705507
