,term,net_val
0,case,-0.049693907373871034
1,covid19,-0.03077330083528794
2,first,-0.020641382605703813
3,Alberta,0.018355392309269174
4,Breaking,-0.006190881193715521
5,presumptive,0.005949980186239446
6,coronavirus,0.0008755703208199827
7,has,-0.0006249806501651754
8,of,-0.0006086640593403895
9,its,-0.0002056617519930966
