,term,net_val
0,confirmed,-0.16614762984936357
1,Tom,0.1216416784602553
2,wife,0.1185719523428591
3,CoVid,0.09120230717954717
4,19,0.05587079542969974
5,Hanks,0.042030554921336324
6,care,-0.03681545290969569
7,have,-0.0012235092601892443
8,his,0.0007759441911926738
9,be,0.0006197085740053909
10,of,0.0003530692804757025
11,just,0.00013825325188685197
12,and,0.00013817868360899472
