,term,net_val
0,COVID,-0.27484735780513136
1,19,-0.27088934748787147
2,community,-0.10712386929673194
3,spread,-0.08707563629198278
4,Today,0.04654643139776521
5,response,0.036439621761704094
6,focussed,-0.020565804489885656
7,planning,0.015945688190889377
8,preparing,-0.014665885478736124
9,session,0.013154898782593306
10,for,-0.0018275879671758608
11,on,0.001815434638903898
12,s,0.001031909058200439
