,term,net_val
0,Chinese,0.11917181173351302
1,look,0.09112993266634441
2,Sport,0.048515769636222644
3,reschedule,0.04807891018969088
4,F1,0.04798100174893377
5,Grand,0.047913445668550464
6,Prix,0.04764577049665542
7,Brawn,0.04751656035459191
8,Ross,0.047511056904638096
9,Coronavirus,-0.04545180277581605
10,says,0.037184895655520654
11,BBC,0.003945649293781617
12,will,0.0017109402188279419
13,to,0.00013810744533883785
