,term,net_val
0,New,-0.027030618358166225
1,patients,0.016951827197697878
2,declared,0.01636041329262006
3,emergency,-0.015950233615233487
4,climbs,0.015772566319258864
5,number,0.012472567215589533
6,York,-0.007753663476059532
7,coronavirus,0.0024145584432018726
8,State,-0.001671144299599915
9,of,0.0002867370768948375
10,as,-0.00014497708617353192
11,in,0.00013068123005979668
