,term,net_val
0,Americans,0.053028427279208076
1,infected,0.0294353762417256
2,Canadians,-0.021712531747869898
3,cruise,0.015107321867017787
4,coronavirus,0.011868074982060675
5,hit,0.00962293908894048
6,land,0.008291090225748756
7,ship,0.0075554829085696055
8,repatriation,0.0073179989215499
9,32,0.006213597960756841
10,await,0.004120694354581599
11,home,-0.0014850741653273539
12,as,0.0009006758295389704
13,on,-0.00034085118981603776
