,term,net_val
0,kills,0.187136139431912
1,let,0.14269370909116985
2,people,0.09435192325692718
3,60,0.09061461540695513
4,close,-0.057416330820454164
5,Coronavirus,-0.05696931132288262
6,borders,0.05215318854155885
7,Boomers,0.039628266391019074
8,important,0.00334873216338485
9,is,0.0014618758792068255
10,s,0.0012760400519232773
11,over,0.0010912811967017486
12,the,0.0009072344725276145
13,it,0.0007256016765383457
14,because,0.0007038032551752474
