,term,net_val
0,19,-0.04107239104891327
1,Covid,-0.040782719449230675
2,fuel,0.023656330227667433
3,could,0.021215167205212444
4,panic,0.01837429995051391
5,PharmaTechFocus,0.017208479559060776
6,misinformation,-0.013218724027395577
7,via,-0.012112245554871602
8,global,-0.008362051112022454
9,outbreak,0.0016802989367540044
10,how,0.0008419657721263398
