,term,net_val
0,COVID,-0.0873473191558567
1,19,-0.0859310037653074
2,live,-0.03152672240474436
3,Follow,-0.02897935616506387
4,COVID19Italia,0.019447551448392792
5,Italy,0.01350043803477057
6,epidemic,0.00850252954349168
7,coronavirus,-0.004759859736049741
8,from,-0.001614660675994453
9,coverage,-0.0014451304008932968
10,the,-0.0011739759893531331
11,on,7.833403094536419e-05
12,news,-6.006397371377717e-05
