,term,net_val
0,see,0.16056749504405687
1,beginning,0.1319023553248058
2,racism,0.09187031426342063
3,move,0.09109634503878924
4,story,0.08189452940422029
5,coronavirus,0.07447334106313061
6,cdnmedia,0.06845379996920016
7,blockades,0.05596555147729729
8,cdnpoli,0.05072829666972519
9,on,0.006183602094387589
10,to,0.004416308434306607
11,the,0.0022515519161879364
12,are,-0.0018361939979215868
13,I,0.0007898564210477461
14,from,-0.00033609318696928395
