,term,net_val
0,arrested,0.11222724082648694
1,spreading,-0.05862253616667436
2,Five,0.05512903742307353
3,Malaysia,0.05472440089590857
4,fake,0.05301344320286834
5,coronavirus,-0.013651338460021728
6,news,-0.0014744880669910778
7,for,0.0010303849856923128
8,in,0.0009671025084889213
9,about,-1.7785709293942513e-05
