,term,net_val
0,case,-0.044284699805417146
1,19,-0.038738744643183706
2,COVID,-0.037947338938136725
3,COVID19,-0.029262860030303886
4,First,-0.021244683669935555
5,Ottawa,0.0181910267754862
6,confirmed,-0.013903164773694953
7,ottnews,0.008135558274971689
8,of,-0.0015425621814874081
9,in,-0.00022903530972391618
