,term,net_val
0,COVID19,-0.12674751039751025
1,coronavirus,-0.029437472416752694
2,combat,-0.02151026487420724
3,s,-0.0019561672321130536
4,you,-0.001955183536824841
5,how,-0.0018661252153903882
6,Here,-0.0012645365895803456
