,term,net_val
0,misinformation,-0.10153472798931634
1,stop,0.08647116666714162
2,met,0.04770976279895432
3,Facebook,-0.03892462512219186
4,figure,0.0381000459061394
5,Amazon,0.02691646804319205
6,coronavirus,-0.0257045318406254
7,Google,0.015218436980177155
8,WHO,-0.0005754485171092177
9,out,0.0004298433438814295
10,to,-0.0003494619796881781
11,how,0.0002044510860960494
12,and,-0.0001632868143091827
13,with,-0.00013529178257626917
14,more,4.756710005868423e-05
