,term,net_val
0,COVID,-0.21634790106961285
1,19,-0.21218509401817037
2,research,0.08869304000253034
3,promises,0.07349085547508387
4,forced,0.06776397055466206
5,1B,0.05266005299859959
6,Trudeau,0.05231010458695168
7,workers,0.04734301332748235
8,CANADA,-0.026835113960296957
9,support,0.016783850784033747
10,isolate,-0.0032654066752665378
11,for,0.0015475763600838175
12,to,-0.0009715466884024683
