,term,net_val
0,China,0.12072091304123435
1,team,0.11154282388152836
2,Deaths,-0.07456118703914456
3,prepares,0.06052798227098204
4,800,0.05669358766720182
5,leave,0.0516802375507662
6,climb,0.04711772934610769
7,led,0.0445973469785722
8,WHO,0.044163942210779294
9,coronavirus,-0.034159846118887005
10,over,0.0013674317596568675
11,to,0.000867652452103612
12,as,0.0005050602010799723
13,from,0.00048772611187853114
14,for,-3.4880884546570875e-05
