,term,net_val
0,Plan,0.06390757751285336
1,Misinformation,-0.041567717027790316
2,Battle,0.04132586244940371
3,Sets,0.031544417210830705
4,Facebook,-0.007629295606620005
5,Out,0.0008673782192079705
6,Coronavirus,8.503557974335897e-05
