,term,net_val
0,COVID,-0.007703381805589541
1,19,-0.007678847024297069
2,case,-0.0074381735480200705
3,confirms,0.005010626450886515
4,means,0.0032104735926248027
5,first,-0.0022823056081133514
6,community,-0.0015587199909986803
7,Canada,0.0012464418408862437
8,Here,0.0012239852256464231
9,s,0.0011680450031726752
10,that,0.00021899177046743226
11,of,-0.00017054179639706182
12,what,-7.057603802355895e-05
