,term,net_val
0,Trump,0.49648418892399365
1,Democrat,0.09189034764593948
2,Infecting,0.06933908601315915
3,Tweets,0.06262387333743569
4,Spreading,-0.06210657243243698
5,Coronavirus,-0.03306430971257233
6,Supporters,0.021245728086102103
7,Rallies,0.020563673606701253
8,Amounts,0.020189074151534005
9,Support,-0.014654115497134131
10,Large,0.0042387708459632415
11,Of,0.002891621203190205
12,Her,0.0013455025047223767
13,At,0.0006912799036691614
14,By,-0.0006860892572856346
