,term,net_val
0,hold,0.15332171448421308
1,brexit,0.12379690160740307
2,beer,0.1047814661433539
3,fuelling,0.0664676469483731
4,xenophobia,0.057090542624134315
5,racism,0.05579245795983798
6,coronavirus,-0.034951856678244526
7,job,0.03322053299602405
8,great,0.02559451933064385
9,sure,0.0020670655093951973
10,and,0.0015812162629947708
11,I,0.0013103321371950973
12,did,0.0012709850680141211
13,my,0.0007006275361709562
14,a,0.00030837383255919153
15,no,0.0002930729363122185
