,term,net_val
0,declares,-0.0071870791826705365
1,emergency,-0.0070463951291030846
2,County,0.004696265217246563
3,King,0.004641184968208807
4,PublicHealth,0.0029642483127907873
5,coronavirus,0.0029349582566456146
6,Six,0.0018709583773790733
7,Washington,-0.00069244533359188
8,state,0.0005339715615857028
9,deaths,-0.00039471614386807715
10,in,8.975437992103397e-05
