,term,net_val
0,Online,0.1065612880331934
1,Sparks,0.0876040865724736
2,War,0.08321612785542233
3,Orders,0.07962158663264389
4,Spikes,0.05821322516162561
5,Delivery,0.05819791016244485
6,Coronavirus,-0.056368223060946195
7,Amazon,0.015334453208335713
8,Scare,-0.000234334352346418
