,term,net_val
0,J,0.13306616242133765
1,spread,-0.09050534017461336
2,men,0.08181722656126983
3,BREAKING,-0.07169663912841868
4,Dr,0.05653386601626458
5,solely,0.055581533461262024
6,Hardick,0.055370569165352844
7,virologist,0.05524742525456125
8,explained,0.0551144890991936
9,coronavirus,-0.046725787191997555
10,Leading,0.03622440622911459
11,B,0.03198945750047116
12,confirms,0.01600827794863278
13,is,0.0017225096736930643
14,by,0.00024250167137160396
15,the,-0.0001268807311559888
