,term,net_val
0,Trump,0.1939521003951246
1,U,-0.05774480010790472
2,Exclusive,0.04790695171911482
3,sent,0.04668458170608645
4,coronavirus,-0.04050838823590023
5,administration,0.03820024881397849
6,returning,0.038050684620823935
7,victims,0.03492195503516904
8,S,-0.03382252960974681
9,protective,0.03200680812842447
10,greet,0.030541425238040522
11,gear,0.03034400754855033
12,without,0.024229566230857296
13,workers,0.02028910001714656
14,Post,0.016747485684696112
15,to,0.002680279975690687
