,term,net_val
0,Trump,0.20459957553523087
1,Kills,0.12475030638559202
2,Americans,0.10719082744133655
3,Melania,0.043644868819012785
4,Coronavirus,-0.04012449468223756
5,House,0.03983899081284477
6,Tantrums,0.02596656340444427
7,Pavillion,0.02331322506730478
8,Tennis,0.022538631470298845
9,White,0.0184340312990548
10,As,0.00455373428174458
11,Over,0.003635792306246463
