,term,net_val
0,Trump,0.28025368786654054
1,Goes,0.10159831358627479
2,Use,0.09812678484109995
3,Want,0.07909300520794901
4,Coronavirus,-0.04793761186332126
5,Fox,0.03393319252705947
6,BONKERS,0.02689871391425546
7,Host,-0.026784977572405482
8,Dems,0.02585858195146683
9,Claims,0.023447546869238473
10,Impeach,0.022071764239790747
11,and,0.00763843792398632
12,to,0.0013101520455728805
13,that,-0.0005768454764438456
