,term,net_val
0,says,0.07083516037360577
1,a,0.06217788813653598
2,China,0.05993064433510008
3,WHO,0.053226755968010776
4,coronavirus,0.05102460658458074
5,airlift,0.03514331700117655
6,no,0.02993741022364804
7,yet,0.02768760013782778
8,timeline,-0.026716888104650723
9,as,0.020234354017823662
10,declares,0.009867037648186435
11,for,0.007710690953307478
12,global,-0.0074723104711754635
13,emergency,-0.006993012368181465
14,Trudeau,0.0015433750222258306
