,term,net_val
0,of,0.009718150126012242
1,and,0.008767033924983148
2,19,-0.008714200588660433
3,COVID,-0.004695333056942084
4,please,-0.004457313462680922
5,during,-0.0036995240871350223
6,Your,0.0028019789423351688
7,RT,-0.0027672191911212087
8,information,-0.0024337630888815486
9,source,0.0023991589620441806
10,read,-0.0020788400884182157
11,best,0.00044751622933044555
