,term,net_val
0,REEEEEEEEEEEEEEEEE,0.2847212169941411
1,THE,0.1570274123072647
2,ISN,0.14212300860573
3,T,0.10953047467979499
4,REAL,0.06254091803786764
5,CORONAVIRUS,0.05241801614615272
6,MARKET,0.052011096517667776
7,STOCK,0.04362363142477911
8,FAKE,0.04160349908060518
9,ECONOMY,0.028544695451027762
10,NEWS,0.0281566809946265
