,term,net_val
0,COVID,-0.011667179427469063
1,address,0.011224143001627407
2,Officials,0.010492118152853181
3,19,-0.010474745461500796
4,press,0.009567309900009993
5,conference,0.007819460130927401
6,at,0.00720541410007275
7,s,0.0057507146162419425
8,LIVE,0.005723927951943335
9,WATCH,0.002445476538238038
10,Park,0.0014964613958764513
11,Queen,0.001129636574777128
