,term,net_val
0,19,-0.014600667793592249
1,coronavirus,0.011272008257417462
2,Ontario,-0.010947328813991542
3,schools,0.008743863700802965
4,closing,0.004309886295650798
5,COVID,-0.0038811542312250378
6,due,0.0035116330060033494
7,to,0.0010149009441097216
8,BREAKING,-0.00026702205723296767
