,term,net_val
0,promises,0.024386764346122993
1,to,0.023279861301116662
2,19,-0.017424941924640718
3,for,0.015685309679097016
4,COVID,-0.013492531832927309
5,CANADA,-0.011512712525070442
6,research,0.010913426700261002
7,1B,0.009598444473893035
8,Trudeau,0.008414544157916629
9,isolate,-0.006926291443639114
10,support,0.006915574382724035
11,workers,0.006661598640512146
12,forced,0.005483138193830628
