,term,net_val
0,the,0.0811983113593516
1,we,0.07880183249698329
2,coronavirus,0.0735830296566211
3,I,0.07120799226679002
4,have,0.07068760842928486
5,Opinion,0.061745111780032884
6,As,0.04182454280158581
7,m,0.034216153566342326
8,Canada,-0.02860774498689299
9,care,0.027447494169775224
10,health,0.026435363142431185
11,spreads,-0.023823826364919677
12,universal,0.02007010333923725
13,glad,0.010979840543920549
14,in,0.010280217145379559
