,term,net_val
0,coronavirus,0.08800229409261424
1,COVID19,-0.04946534324569402
2,you,0.039753011542913025
3,s,0.026632985596111294
4,Here,0.02335852926374761
5,how,0.014838460568367108
6,combat,-0.010757358884609582
