,term,net_val
0,Stupidity,0.10773340206938867
1,is,0.07336917308388745
2,Coronavirus,0.0688403606662075
3,on,0.05981811788885206
4,Depending,0.051105578811129516
5,Medicine,0.047797234891129664
6,China,0.04434508288973124
7,Pure,0.04333273878753525
8,Hell,0.04299703711335666
9,OR,0.038878828168414085
10,Medical,0.029776087593154806
11,for,0.028306745772156958
12,Supplies,0.019521716900408114
13,Manufacturing,0.014242675826120231
