,term,net_val
0,idiocy,0.06115381568561313
1,coronavirus,0.04709502207109455
2,000,0.044470800359103585
3,of,0.0300580573562224
4,than,0.02906451652071931
5,Outbreak,-0.028367287366959714
6,times,0.027426358365397842
7,spreading,0.018789014154106706
8,faster,0.017138441382478355
9,coronovirus,0.014691402154713673
10,10,-0.006384461266361784
11,Report,-0.0028324547318316663
