,term,net_val
0,The,0.018465179997388583
1,19,-0.016846897874729344
2,due,0.008764228716871074
3,to,0.007991237768434545
4,Olympics,0.00532415732963008
5,at,0.004467493432584085
6,may,0.00425116969822396
7,COVID,-0.004222550413647356
8,be,0.003783442619755212
9,risk,-0.00352764141191254
10,Tokyo2020,0.0024281526418033143
