,term,net_val
0,after,0.11508958688425835
1,IyJwUTTKbc,0.08154281709915202
2,drug,0.0806731434822639
3,Coronavirus,0.07480398413847737
4,co,-0.0664167917725138
5,used,0.05242597379847634
6,in,0.0430266865590122
7,breakthrough,0.028824186357048722
8,Substantial,-0.024906377918167584
9,China,0.023862761729442673
10,benefits,-0.016950825293092303
11,recorded,-0.013784175376123019
12,cure,0.010999136315100074
13,t,-0.008029041314548966
14,https,0.0042015160447182575
