,term,net_val
0,Chinese,0.035020557102503604
1,the,0.03324500072268747
2,Eating,0.026825776203632263
3,People,0.024897128347952765
4,Bat,0.024769009448710275
5,to,0.0205484213994949
6,Coronavirus,0.01529191234833672
7,Video,-0.014245533298129335
8,Soup,0.013681539351748097
9,Linked,0.011322952536347696
