,term,net_val
0,to,0.05730139091526737
1,Donates,0.051170372212748
2,Human,0.044112370857508354
3,CoronaVirus,0.043022267131944
4,Salary,0.03979400254385585
5,Trump,0.03808045495391463
6,amp,0.032650641825966886
7,Q4,0.026153590203070284
8,Help,0.025709649905678846
9,Research,0.019877633496950375
10,Services,-0.010350103247892883
11,Health,0.0003152769028916196
