,term,net_val
0,crooks,0.1299660371709199
1,liers,0.10342709600197417
2,How,0.09311535543825658
3,coronavirus,0.07881070792215372
4,and,0.07863733063141838
5,Islamic,0.07608176744004973
6,Republic,0.050920217214316846
7,outbreak,-0.036119631147064436
8,Iran,0.016164315789098847
9,began,0.01286616741844205
10,of,-0.0033793479479041293
11,s,0.0007878063524528813
