,term,net_val
0,We,0.09705270339509671
1,refuses,0.07439367572928696
2,are,0.07215541213938308
3,in,0.06840151265632875
4,living,0.058490883414679014
5,from,0.04915893715329299
6,scary,0.04484572009003003
7,to,0.03926376870886959
8,Canadians,-0.02427119639983347
9,coronavirus,0.02377089175589376
10,Canada,-0.02024171642310446
11,Gov,-0.017808656189839588
12,t,0.016169312265437188
13,protect,-0.011291826714720551
14,times,-0.0034349733429108196
