,term,net_val
0,19,-0.049769691915282695
1,coronavirus,0.043683608598485246
2,we,0.030010532395535344
3,worldwide,-0.026475318844443714
4,COVID,-0.02361861817144853
5,is,0.02361796188760876
6,everything,0.023308280139728462
7,of,0.02122716608237314
8,s,0.016864510311855308
9,Mortality,-0.012987693427529822
10,know,0.011673399898305232
11,3,0.010377554244064965
12,rate,0.008977227346052637
13,4,0.007000342224983222
14,about,0.004615679236269142
15,Here,0.003178599662607977
