,term,net_val
0,conference,0.02898414047003999
1,coronavirus,0.028801250388577487
2,after,0.02856604660315459
3,man,0.024642071116084643
4,attending,0.020861718835157684
5,diagnosed,-0.020503653087978326
6,with,0.009744232053659926
7,Sudbury,0.006654863849696755
8,Toronto,-0.0007519838147144958
