,term,net_val
0,coronavirus,0.014939357084589745
1,CP24,-0.011239226732358209
2,people,0.009430418588619005
3,but,0.008521932020709543
4,for,0.005352958982204159
5,eight,-0.005244284914264631
6,Ontario,-0.003444190304161993
7,Breaking,0.003257365810225453
8,all,0.0028797519439277127
9,s,-0.002753706874034088
10,infection,-0.002699063109859596
11,News,-0.002579386153298212
12,possible,0.0014632752797023043
13,Toronto,0.0005296190322251974
14,clears,0.0003126035101021683
