,term,net_val
0,Very,0.027130361342763195
1,19,-0.014726015256395315
2,interest,0.014229264248066495
3,Covid,-0.011864160364133451
4,Health,-0.011265698274935279
5,Source,0.010326891351565717
6,to,0.01003393798335447
7,comparative,0.010004376874450393
8,comparing,0.007807276754970347
9,other,0.005061642340585421
10,data,-0.0045219426579300144
11,World,0.0023698411246199217
12,Organization,-0.0016772368771783331
13,infectious,0.001326826038754505
14,diseases,-0.0011252141241491205
