,term,net_val
0,coronavirus,0.02222418221741558
1,social,0.01709970171880975
2,COVID19,-0.015775529769551214
3,cdnpoli,0.011755052899268285
4,distancing,0.0018143591163417643
5,Practice,0.0001849141320423454
