,term,net_val
0,19,-0.004395284418529081
1,Ontario,-0.0023136457364094725
2,cases,0.002065386680844253
3,of,0.0011371329244996835
4,COVID,-0.0009033381044110503
5,reports,0.0007849125662119876
6,new,0.00045583481658408
7,four,-0.00029795336383922285
