,term,net_val
0,coronavirus,0.027507186501664855
1,called,0.019793653623340526
2,Congress,0.015211733638620781
3,fears,0.013961822511320835
4,over,0.011104233261976357
5,in,-0.01061147660767068
6,Barcelona,0.006886489446368781
7,off,0.004930356502226689
8,Mobile,0.00373816404741291
9,World,0.0010081480222240442
