,term,net_val
0,19,-0.014156332114583229
1,of,0.00796803771680013
2,COVID,-0.006009018232370595
3,to,0.005821361220925294
4,Possibility,0.005269360798313691
5,Tokyo,0.004656351409607121
6,Olympics,0.0016465105036069922
7,spread,0.0015529757170365788
8,postponed,-0.001505548586396009
9,prevent,0.0006405303871888072
10,BREAKING,-0.00024317599437499417
