,term,net_val
0,coronavirus,0.020213861097945953
1,approves,-0.008440513531697056
2,funding,-0.006901722988620036
3,emergency,-0.006152722123109206
4,in,0.004928038187626578
5,for,0.004401281493668343
6,US,0.003667549118595168
7,response,0.0022989456698552517
8,3,-0.0017975146362462292
9,Congress,0.001302695134096438
10,billion,-0.001067840902292551
11,8,-0.0008560934790110697
