,term,net_val
0,coronavirus,0.04411967304415207
1,Our,0.03847374472282786
2,Scientist,0.034367769050607684
3,the,0.03264654933990699
4,Covid,-0.02741870690646282
5,contain,0.027376477366138078
6,chance,0.022274399112162245
7,already,0.02003904024442015
8,be,0.017767513785241967
9,19,-0.01433042584644619
10,SmartNews,0.013120700955080087
11,New,0.01206227744968545
12,to,0.009505507094892077
13,may,0.005068125053787838
14,over,0.0035614630795812526
