,term,net_val
0,School,0.015116706168535016
1,Coronavirus,0.015016149377882572
2,14,-0.014439412569336214
3,Ireland,-0.006849186715130642
4,for,0.005951235230925785
5,Republic,0.005815220125828084
6,in,0.005390774359284897
7,closed,0.0035141553612447795
8,days,-0.0016263833334928836
9,of,-0.0005133604304795581
