,term,net_val
0,MINISTER,0.015042380755429432
1,19,-0.008864218283449873
2,ECONOMIC,0.008670258177404048
3,TRUDEAU,-0.007919817929083915
4,COMING,0.0075880195959984395
5,PRIME,0.0059252240060168986
6,DISCUSSES,0.005646927894315217
7,COVID,-0.005327740375885882
8,UP,-0.0032117269539183257
9,JUSTIN,0.0023196724458462424
10,PLAN,-0.0016790247238025798
