,term,net_val
0,coronavirus,0.0357612816954779
1,confirmed,-0.030384551578733515
2,Ontario,-0.02753374904714879
3,COVID,-0.02326871458497552
4,the,0.02074556986214036
5,Toronto,-0.019975786210177635
6,toronto,-0.018824591764481632
7,19,-0.017875291191284583
8,The,0.014041157759249074
9,has,0.012586890377038475
10,novel,0.009942467246772634
11,of,-0.009562925523299294
12,in,0.00834264783874804
13,seventh,-0.00825173656598514
14,case,0.00519634752527347
15,been,-0.0011450145949953472
