,term,net_val
0,CoronavirusOutbreak,0.0980907317160432
1,excited,0.08726376882085496
2,Coronavirus,0.0851534511706449
3,inside,0.07833348255156848
4,onpoli,0.06550226593777253
5,about,0.06361855408599136
6,passenger,0.038407280309842896
7,air,0.03815159700715643
8,public,0.03744880596041959
9,Ford,0.03742568042951237
10,s,0.034341476635635214
11,health,0.01795835774876999
12,cuts,0.011527617657674618
13,to,-0.005138772602208114
14,Doug,0.0014168087457866387
