,term,net_val
0,feedly,0.1022911553202725
1,Pence,0.09511716074018882
2,lies,0.09388099693665725
3,about,0.05836760499506853
4,coronavirus,0.051111944177057535
5,caught,0.050382460831503266
6,mustread,0.04836500920419251
7,in,0.0415809702295855
8,insurance,0.036018728853117736
9,co,-0.034766692385546465
10,covering,0.03253013555570858
11,https,-0.03231384986771527
12,kits,0.030127607251871375
13,test,0.026099034321929365
14,ghctYmKA36,-0.02127487038121747
15,t,-0.004707377705960317
