,term,net_val
0,coronavirus,0.02581578501521381
1,as,0.01789792741992819
2,China,0.01673850739851598
3,Air,0.011846912755669937
4,to,-0.010045101919116438
5,flights,-0.009116664581206226
6,spreads,0.0072106454413617335
7,cancels,-0.00604655291122282
8,WORLD,-0.005167889807612757
9,select,0.004281825351175354
10,Canada,-0.003630213973025702
