,term,net_val
0,Coronavirus,0.11750228835165324
1,the,0.10768038902759501
2,What,0.08937424007257422
3,Misleading,0.07402347762995172
4,Is,0.06865892543809705
5,You,0.0685762264324975
6,Don,0.06792423373490407
7,s,0.05468520774292633
8,t,0.052577618589927835
9,Tell,0.050476925904988756
10,Still,0.04929885718669556
11,Numbers,0.035855821673504304
12,Here,0.02700184521778931
13,Data,0.022309996461308896
14,Latest,-0.017265415499064064
