,term,net_val
0,hoax,0.19958864266898396
1,FAKE,0.1104221036775963
2,realDonaldTrump,0.10466498104170001
3,is,0.10447634333724239
4,Coronavirus,0.09480934065078447
5,NEWS,0.08099294399823657
6,DID,0.07146052659376971
7,News,0.07088713705309961
8,a,0.061324417965383834
9,publishing,0.05282675682106749
10,call,0.021094997754038735
11,NOT,-0.011960322803467937
12,ABC,0.004606550938983279
