,term,net_val
0,brexit,0.12306481297773196
1,xenophobia,0.095791678571575
2,my,0.09226135514984665
3,racism,0.08660876114090382
4,beer,0.08463670700448526
5,I,0.07567050669951278
6,coronavirus,0.06660383369691428
7,sure,0.06415174227483658
8,and,0.06319765957533345
9,a,0.05054774682369791
10,fuelling,0.04969839349685667
11,did,0.03862096729568909
12,no,0.03399796739936227
13,great,0.026694663241759075
14,hold,0.014668241169262108
15,job,0.013021626450912196
