,term,net_val
0,said,0.11699440615912396
1,the,0.0869807868458939
2,coronavirus,0.06595795578651205
3,this,0.055365378893447136
4,exactly,0.035630528482822346
5,Washington,-0.03381715440111966
6,announced,-0.03009876967933077
7,same,0.029879138240829266
8,in,-0.02519541157336132
9,officials,-0.02270154357882123
10,Hannity,-0.018913492728210118
11,at,0.016890526184518202
12,State,-0.01427911197710189
13,moment,-0.012408295416857628
14,death,0.007175466812717027
15,first,0.002782734600421817
