,term,net_val
0,infecting,0.1339765278863288
1,the,0.10327897971449879
2,coronavirus,0.0794073248348786
3,with,0.07745044042965966
4,everyone,0.07607406532954866
5,Rick,0.0487211327722918
6,impact,-0.04797775166109442
7,economic,0.0466283408379693
8,Santelli,0.03954097044002313
9,suggests,0.031469266749335305
10,lessen,0.030765465215082152
11,WATCH,-0.015099415279802162
12,to,0.013807871508506712
