,term,net_val
0,them,0.07520293499717644
1,Coronavirus,0.0640293055592014
2,workers,0.04874449783748586
3,care,0.042855570502721554
4,19,-0.04045868539333719
5,C,-0.03719157328588039
6,of,0.03285614247363556
7,COVID,-0.027204274240599263
8,cases,-0.0196576180840526
9,2,-0.015705778738044733
10,B,0.01340397345991852
11,7,-0.011770186611024115
12,confirms,-0.009937973592658822
13,health,0.0041738151399307215
14,new,0.004125837718291604
