,term,net_val
0,Maheshwari,0.14866632181279468
1,our,0.09900113942238568
2,coronavirus,0.08337430143702122
3,own,0.07162987737063692
4,a,0.062228817278079884
5,by,0.05616138337499735
6,Dr,0.052069339879082785
7,on,0.0282017867741778
8,Timely,-0.015901046263627094
9,infection,0.015757588111208764
10,preventing,0.013321852072020829
11,h,0.007463253783610153
12,tips,0.0025529527934679422
