,term,net_val
0,with,0.01869202636394791
1,space,0.013574131657155047
2,coronavirus,0.011909125192814798
3,Toronto,0.005190695410623491
4,homeless,0.004763914614140236
5,secures,0.004659062108768374
6,motel,0.0033675895758148696
7,to,-0.001346546229102306
8,isolate,0.001179147548256289
9,people,-0.000899834391978262
