,term,net_val
0,ChangesfortheBetter,0.05546970208730477
1,MitsubishiElectric,0.04924579742053726
2,Coronavirus,0.04584586351707991
3,to,0.02495234034621783
4,COVID,-0.023310986486710802
5,19,-0.020970765434654395
6,Efforts,-0.012000913422023744
7,China,0.010902667707287905
8,Support,0.006158282909897383
9,Mitsubishi,0.005584679125159332
10,Relief,-0.0018044577126949174
11,in,-0.0016442707490001104
