,term,net_val
0,the,0.11216205162799969
1,Geraldo,0.10208206386078784
2,that,0.09035537545769252
3,to,0.08529143426360236
4,ridicule,0.08443451115031353
5,has,0.07686590282114276
6,coronavirus,0.07059056434964212
7,used,0.05861644935464218
8,Trump,0.0545794702772865
9,Rivera,0.051133473793160585
10,left,0.0476260074166276
11,FoxNews,0.03815619961885351
12,disappointed,0.025592116808498214
13,Deeply,0.01420378644032022
