,term,net_val
0,CoronaVirusSeattle,0.1908067957687587
1,we,0.08931122108652603
2,fucked,0.07886044487203177
3,ring,0.07441674322563388
4,trying,0.07297341179908992
5,bells,0.06388799470625926
6,I,0.061103507389838836
7,alarm,0.05747723611547262
8,m,0.052486131597338746
9,coronavirus,0.04917945000098991
10,might,0.047950197571560244
11,but,0.046550605888339605
12,be,0.04546532537793969
13,to,0.04088066325454905
14,all,0.02677754679755781
15,not,0.010172164347573077
