,term,net_val
0,coronavirus,0.023397929949265404
1,COVID19,-0.023302655827061168
2,Saskatchewan,-0.021437410525831868
3,Live,0.01238574035656949
4,via,-0.008360263066759983
5,reports,-0.005636834341358858
6,gqinsk,-0.005551704800691656
7,coverage,-0.0037265921654364535
8,positive,-0.003328853360452623
9,first,0.0023969810102138886
10,by,-0.002278156354798307
11,of,0.001275588787774583
12,CBCSask,0.000615251719283981
13,presumptive,-0.0004017616676759971
14,case,3.2041785000488875e-06
