,term,net_val
0,coronavirus,0.13999837357752995
1,the,0.12542989021354764
2,Feeling,0.08664327801688974
3,pandemic,0.07741957465753097
4,offer,0.075086819654029
5,Experts,0.06452662096142647
6,19,-0.05771366194338959
7,about,0.04791770661512432
8,COVID,-0.04524401475988761
9,anxious,0.01890743879964511
10,to,-0.017845424152020627
11,tips,-0.016704942808487104
12,quell,0.01666398938811146
13,panic,-0.006818844934092931
