,term,net_val
0,lying,0.11070455873779557
1,Coronavirus,0.10124846731506933
2,coronavirus,0.09506915809598895
3,China,0.08556800873440507
4,look,0.08159092452146352
5,country,0.07539923372649725
6,wasn,0.07473284201565657
7,if,0.06966613781897095
8,would,0.06961969445597989
9,COVID19,-0.064638940411481
10,like,0.05618502377706042
11,t,0.05507044489484352
12,What,0.05185056195406709
13,by,0.04523877800626246
14,it,0.03145087480426429
