,term,net_val
0,says,0.04543144360701048
1,Authority,0.04530099991130495
2,Cuomo,0.03832872203915763
3,chief,0.03369264665179368
4,coronavirus,0.02952810221697977
5,York,0.022817489913011524
6,and,0.018224940935957775
7,of,0.01772261706928573
8,for,0.01222084653821797
9,New,-0.011285446152492678
10,Gov,-0.011139471878269868
11,positive,0.008795713807156184
12,Jersey,-0.006309829950931256
13,tests,0.0026244758315601435
14,Port,0.00023800972923569453
