,term,net_val
0,Communist,0.1644006530271806
1,China,0.12780366629157633
2,If,0.12679399312348041
3,lying,0.12132763414087622
4,about,0.11940549537827334
5,Coronavirus,0.11678432942151737
6,is,0.11660729948733337
7,of,0.08623173294281626
8,doesn,0.07768879392162244
9,true,0.06998967974030632
10,clean,0.06419643366490349
11,come,0.057462452151405025
12,t,0.05538627047401708
13,internation,-0.03002145746522482
14,outbreak,0.008022915062326273
15,extent,-0.0018024481318279118
