,term,net_val
0,Oil,0.11113083302935751
1,the,0.10549417095422221
2,coronavirus,0.09094236669255208
3,probably,0.08555574680146164
4,will,0.07392291242977135
5,CarmichaelKevin,0.06624016535171368
6,Bank,0.04599169215397341
7,writes,0.0436015410273497
8,prices,0.03375909384268193
9,phase,-0.03295267820070214
10,Canada,-0.028541496333038707
11,guide,0.024141718939341427
12,through,0.022115727977991252
13,crisis,0.014374018656981687
14,early,0.013239604597718784
15,of,-0.00851688710204116
