,term,net_val
0,ottnews,0.010640924306567788
1,of,0.006292329543248472
2,19,-0.00613750279969156
3,in,0.003993549263419437
4,COVID,-0.003162519571452579
5,First,0.0029445733559416106
6,confirmed,-0.002812670474543367
7,COVID19,-0.0017319295878849943
8,Ottawa,-0.0014287126945955115
9,case,0.0009969134694428857
