,term,net_val
0,China,0.021919116470258945
1,coronavirus,0.017794035522833457
2,at,0.012928144474100567
3,as,0.01284742262531879
4,record,0.01182691538805492
5,Nasdaq,-0.007621449957695907
6,aims,0.007305257475325157
7,intraday,-0.007157409026012172
8,to,0.0041208498197498325
9,impact,-0.0040119777127940025
10,opens,0.003921218950637497
11,stem,-0.0006754143635123469
