,term,net_val
0,the,0.15038474889114561
1,Market,0.12048904784499816
2,volatility,0.10080351691630303
3,coronavirus,0.07928882661501832
4,if,0.06901563888558673
5,real,0.06773489030101354
6,is,0.053671753212614595
7,Hub,-0.04787442540929826
8,via,0.03868010035190262
9,Fear,0.03006391556656299
10,stocks,0.02674738373046617
11,What,0.02567705455644747
12,epidemic,0.009808898860145411
13,On,-0.002503571529292043
