,term,net_val
0,Ontario,-0.048505995583819544
1,onpoli,0.04335119644238941
2,man,0.04308811792785685
3,who,0.04003595152904571
4,coronavirus,0.03947592543087769
5,Iran,0.026561393076436627
6,7th,-0.022508585406424444
7,to,0.01901333124911502
8,in,0.018345246069021676
9,traveled,0.015758168684721394
10,of,0.014852270158247066
11,reported,-0.012276231016326482
12,s,-0.012150511686170928
13,case,-0.006886633108773661
