,term,net_val
0,coronavirus,0.11652745473275523
1,is,0.10129502967467323
2,to,0.0994980834247092
3,pay,0.09745604874958695
4,British,0.0742021460142802
5,4600,0.07362498391766584
6,offering,0.07361917732241192
7,get,0.06843438771856455
8,people,0.06585266025776164
9,takers,0.06380669303082447
10,company,0.05742015663464249
11,Any,0.04936739864060936
12,with,0.04321018876686411
13,infected,-0.003091314826636491
