,term,net_val
0,coronavirus,0.01871984809920741
1,emergency,-0.015821057450957667
2,patients,-0.008359153936514492
3,as,0.007613053731965891
4,climbs,0.004693947822448832
5,York,0.0041117093628154095
6,State,-0.00334972537824961
7,in,-0.0031149954561092825
8,of,0.0030120969290185944
9,New,0.002251599913477864
10,declared,0.001324515730256666
11,number,-0.0005417113357951973
