,term,net_val
0,Coronavirus,0.020848095692643783
1,hotel,0.011212057109161988
2,case,0.009693815924158971
3,as,0.00789439319342284
4,19,-0.0072109999625159845
5,Spain,0.006578377555304241
6,Tenerife,0.006443435345495885
7,in,0.006287451628254191
8,Covid,-0.003551660915969997
9,Barcelona,0.0029226856417363025
10,advice,-0.0017702665594622432
11,travel,-0.0010490905415961533
12,Latest,-0.0009489656166553536
13,follows,-0.0006749146789654963
