,term,net_val
0,We,0.13553850414728233
1,coronavirus,0.1324116428348401
2,his,0.10847363242100193
3,Pence,0.08762305433637352
4,screwed,0.07412271106107404
5,solution,0.07303096661895353
6,a,0.06786615106535299
7,are,0.060215243228026315
8,praying,0.03893213390794823
9,Mike,0.0381292133634587
10,and,0.03245765863146318
11,team,0.03127547034187139
12,for,0.029062071224579444
13,so,0.025617401743587988
14,emergency,0.00032724484417484887
