,term,net_val
0,PropagandaWars,0.10906743839014502
1,The,0.08576076099035587
2,could,0.08363687147249035
3,a,0.08339645081065215
4,Coronavirus,0.06557504421495176
5,Wahu,0.05701701077646407
6,manufacturered,0.03735556920614525
7,the,0.03360871249393339
8,latest,-0.033318379020151806
9,be,0.02808284212961417
10,Please,-0.021820976941849448
11,out,0.014055435570451216
12,potentially,0.012884552304967321
13,check,-0.010157912539470028
14,episode,0.0016969604106164336
