,term,net_val
0,the,0.12382455757507398
1,eating,0.10930317458576547
2,shit,0.10579527387624135
3,Coronavirus,0.0964275379734656
4,like,0.09218925605585992
5,where,0.07946041833808463
6,coming,0.07630182270516701
7,from,0.07514652079907147
8,China,0.07477397481228111
9,is,0.07352898320841517
10,wondering,0.06665850534216956
11,this,0.05480562649348067
12,people,0.043723216430902004
13,People,0.03994634046042119
14,in,0.012372111156592331
15,and,0.008976707893689545
