,term,net_val
0,is,0.12318584681789868
1,muzzling,0.10081188934811613
2,the,0.09412404113080589
3,pandemic,0.09132899538120318
4,coronavirus,0.06941482599373763
5,speaking,0.06374887718341019
6,forbidding,0.06352869258154174
7,from,0.060611546857502696
8,them,0.0579072644573168
9,and,0.05592982690298204
10,scientists,0.052902645062218784
11,tRump,0.0511387451871994
12,experts,0.0312997601348892
13,gov,0.018463856157141273
14,health,-0.012617038840415425
15,about,0.003375253891486837
