,term,net_val
0,total,-0.0246008555671528
1,7,-0.020973420999532304
2,raising,0.017439892474765732
3,coronavirus,0.014423186461934471
4,to,0.013983860765416061
5,of,0.011322840735470656
6,country,0.00989405982308351
7,reports,-0.009750089350076017
8,NEW,-0.009674541238600039
9,5,-0.008338928471500535
10,cases,-0.0072656872015140145
11,s,-0.006246196272930273
12,Sweden,0.00599033492501714
13,new,0.0028768377136601793
