,term,net_val
0,coronavirus,0.08169183705533548
1,David_Culver,0.06490142713716085
2,and,0.05128450566896365
3,between,0.0510769243480438
4,United,0.04341900042345857
5,some,0.03677427450339673
6,as,0.028199571313759983
7,suspends,-0.025159199565748826
8,spreads,0.021102481037806965
9,China,0.01706959948423982
10,Airlines,0.01506523540502864
11,U,0.012413606741070431
12,S,0.012336750380677391
13,reports,-0.01112274130013331
14,flights,0.005588792915185441
