,term,net_val
0,With,0.11702207970656926
1,Sauce,0.10020026796344016
2,Coronavirus,0.09191251327360407
3,On,0.0872336480936085
4,A,0.07984673095114021
5,Chick,0.0633370232601279
6,Door,0.062307446525219294
7,Fil,0.05473498405498224
8,Houses,0.042344722185479654
9,Over,0.036282044956595746
10,Smeared,0.03262253575022527
11,Passes,0.027449578220911614
12,Miracle,0.012072856252898691
13,Posts,0.008691189972048374
