,term,net_val
0,coronavirus,0.03928569568381157
1,grow,0.017734620100508105
2,fears,0.014504963134291319
3,Wall,0.013960269216226293
4,than,0.01360388912756004
5,1,0.007476498343474214
6,more,0.006814835315148344
7,as,0.00669268966111148
8,drops,0.004883601806482418
9,Street,0.001526624155543283
