,term,net_val
0,the,0.11951856229556378
1,disinformation,0.09692091612895781
2,that,0.07267936935839668
3,is,0.0685071123207141
4,called,0.04782643890496532
5,coronavirus,0.04760180138307964
6,Everyone,0.04490892621393192
7,false,0.044801721792809134
8,Donald,0.043481420896786624
9,hoax,0.04345281538331265
10,violating,0.042325072087362005
11,a,0.038528382030788004
12,spreading,0.03135848638759905
13,Trump,0.028428773920223617
14,New,0.016482889906688582
15,rules,0.014556919526500746
