,term,net_val
0,China,0.022195514090873628
1,Coronavirus,0.021099658721190576
2,Air,0.017776540744734212
3,to,-0.017450361149223787
4,Amid,0.0134875997589888
5,Greece,0.010256363069196103
6,All,0.004591787106982131
7,Cancels,-0.003948248906296132
8,Outbreak,0.0028879164267558957
9,Flights,-0.0017969879975330907
