,term,net_val
0,to,0.0769278966661926
1,Coronavirus,0.07594856217405387
2,and,0.047702749969794095
3,19,-0.04052336342973123
4,How,0.03617582793210718
5,COVID,-0.035597570687223336
6,Commute,0.027161595506447617
7,Novel,0.025913676199363227
8,According,0.024838784391521058
9,the,0.01845814622167241
10,Travel,0.014297016239247503
11,Amid,0.012374367182071438
12,Experts,-0.007020771419984684
13,Outbreak,0.004591822364354818
