,term,net_val
0,lies,0.1219828979495281
1,about,0.09434086903269188
2,CoronaVirus,0.08191094559898772
3,and,0.070315684471668
4,Watch,0.049722213718360504
5,listen,0.04543457467325854
6,RT,0.03203853650658654
7,China,0.028399612480686433
8,aTeXan575,0.023458823051756623
9,learn,0.0013440973365619288
