,term,net_val
0,Oranges,0.1353728019294887
1,Coronavirus,0.09451271141269972
2,Intelligent,0.08770979000162697
3,the,0.08405972899072103
4,like,0.08362261733701395
5,Apples,0.08347453348994692
6,that,0.0828163579466686
7,The,0.07744902817056996
8,People,0.0682475487833659
9,and,0.06599863214602192
10,Know,0.04583228448849589
11,are,0.0420527798123457
12,Between,0.028565632674111236
13,Ratio,0.025185846940624246
14,Flu,-0.012116949389555922
15,Death,0.0071906503177016825
