,term,net_val
0,why,0.03978130740962443
1,Coronavirus,0.028692619836303015
2,reasons,0.023377901883233715
3,you,0.02317118543657982
4,panic,-0.0203430566150914
5,to,-0.01856009621316369
6,ought,0.00743743061098299
7,Ten,-0.004896088585153666
8,not,0.0019067240352102007
