,term,net_val
0,Updates,-0.048427624281099195
1,and,0.03648192838080274
2,Coronavirus,0.03631736300317477
3,Against,0.02552177537369576
4,Department,0.02384460543446368
5,Travel,-0.01987810305661065
6,China,0.019046685452945838
7,Surpass,0.017991439303066948
8,Live,0.014223443966581312
9,to,0.013852309810297893
10,State,0.011839479155029411
11,200,0.006130162356378986
12,Deaths,0.0040849356790632245
13,Urges,0.002329914425772008
