,term,net_val
0,koshtorontosun,0.09933831453003027
1,coronaviruse,0.061623549175274676
2,t,0.052699358041810904
3,lie,0.04044979483265715
4,us,0.03713610564850851
5,Don,0.022814312400021308
6,to,0.005759201984073328
