,term,net_val
0,coronavirus,0.0334549070439295
1,California,-0.015405459728513341
2,confirmed,-0.013928739574074733
3,U,-0.008745421571875805
4,of,-0.008625230686853492
5,from,0.008608373084581436
6,origin,-0.008523697518151126
7,Northern,-0.004097547423975178
8,S,-0.003110786041396009
9,case,0.00308545358582188
10,unknown,0.0028549894383642286
11,BREAKING,0.0016614345396016358
12,washingtonpost,-0.0011300362222503315
13,in,0.0008691874221447804
14,First,-9.082747352874776e-05
