,term,net_val
0,saying,0.10828277113019592
1,says,0.08271200239024255
2,a,0.07204513733909282
3,here,0.069900445907493
4,Fake,0.05703039697340317
5,ignore,0.0478667040012393
6,coronavirus,0.04765274275320833
7,is,0.042864724896109235
8,news,0.039114295838256596
9,of,-0.0359395182116353
10,alert,-0.032515304522350956
11,case,0.023782762164169847
12,RVH,0.014975491950714218
13,there,0.012219044268101113
14,posts,0.0024077770882444177
