,term,net_val
0,Mississauga,-0.02643987129738855
1,coronavirus,0.023697235459005945
2,up,0.016424953981806788
3,cleaning,0.014302203325378912
4,step,0.01365222851947313
5,Brampton,0.01060655462334825
6,in,0.009960150466047524
7,systems,0.005808199169954917
8,to,0.005692817661706531
9,transit,-0.004478352426933244
10,and,0.0019822693666450117
11,response,2.0230188631077627e-05
