,term,net_val
0,Human,0.04782698227308127
1,to,0.041009423056325385
2,Chinese,0.04063424215684012
3,says,0.03412714111912209
4,of,0.0308490949374079
5,human,0.02395991712416937
6,confirmed,-0.020464610812639183
7,coronavirus,0.01637823976580288
8,official,0.008840423314049162
9,transmission,0.005410023989971539
10,new,-0.0016176873459226313
