,term,net_val
0,coronavirus,0.09797270090420611
1,how,0.08854977598474563
2,we,0.06842708630778192
3,is,0.05256218788510543
4,eye,0.051469271131308204
5,opener,0.048893646666233144
6,know,0.04876375696043674
7,and,0.04111990594177716
8,on,0.03905050803939763
9,little,0.033386274648061556
10,SmartNews,0.029636074060926165
11,spreading,0.015462208708181597
12,an,0.014635462365554077
13,study,0.010795306691408052
14,New,0.0012003714230753766
