,term,net_val
0,barbaric,0.12214861237874161
1,coronavirus,0.11316124771009103
2,ChinaVirus,0.11162405968094709
3,WuhanSARS,0.10388608219595465
4,Wanna,0.09979692215543753
5,animals,0.09483699623817257
6,eating,0.09293234952962724
7,Chinese,0.08903009012849983
8,Sickening,0.08709235687763359
9,some,0.05099987263383033
10,see,0.03703000267512283
11,more,-0.001839205155659551
