,term,net_val
0,after,0.03397141090652369
1,Matlow,0.02930255920990776
2,coronavirus,0.02668724268029614
3,Councillor,0.021701366154657023
4,Josh,0.007004586092961978
5,exposure,0.005439539205106177
6,Toronto,-0.00483129706343659
7,isolation,0.002458092821904708
8,in,-0.0018642784717970641
