,term,net_val
0,CoronaVirusUpdates,0.11538135707653555
1,government,0.090160760438248
2,will,0.07341751592199176
3,coronavirus,0.063651808927311
4,concerned,0.06095239342572138
5,China,0.05193142810945436
6,up,0.05120223628365614
7,cover,0.04804131283106052
8,authoritarian,0.0443083983005542
9,COVID19,-0.038815759684959525
10,Western,0.03592135136851505
11,outbreaks,-0.02905644068445487
