,term,net_val
0,coronavirus,0.03433625789300083
1,who,0.03142965396068775
2,woman,0.020989598631655615
3,in,0.020549977140063586
4,Ontario,-0.02013840942546947
5,a,0.01914107124244858
6,case,0.01843068774386931
7,was,0.009471543985315667
8,5th,-0.007881929363084883
9,Iran,0.005889435828317907
10,recently,0.003756993941142116
