,term,net_val
0,The,0.28227387646043783
1,PIRBRIGHT,0.14364478324143776
2,Which,0.11338867313804678
3,Funded,0.10931715480077182
4,Owns,0.10130961151623288
5,Bill,0.1008369796818268
6,Patent,0.06732671513822755
7,On,0.06488500481446115
8,A,0.05188017236470403
9,Coronavirus,0.039217348385333896
10,Gates,0.03356039488235943
11,Institute,0.02329701017712972
12,CDC,-0.019704325738086538
