,term,net_val
0,the,0.11487750794294899
1,coronavirus,0.09951552976246553
2,wouldn,0.08349614807170722
3,after,0.07656377788986596
4,he,0.06720566299712794
5,frank,0.06298106044666696
6,creating,0.05468140798264476
7,have,0.051809006366598256
8,t,0.04326679553411397
9,so,0.026790729966553597
10,ocean,0.026112924360841346
11,at,0.01854614198490437
12,to,-0.012680090998684213
13,perform,0.012193266177950404
14,coachella,0.0070842024705041855
