,term,net_val
0,coronavirus,0.06660020828253775
1,YA,0.057519985689692014
2,claiming,0.041314166043375684
3,was,0.03533330206649266
4,can,0.03452285290542037
5,be,0.031918889827300956
6,people,0.02979280637694205
7,THINK,0.02949703755644185
8,symptoms,-0.02751846549474586
9,new,0.020424214189011976
10,by,0.015948357771934138
11,without,0.015164922894407976
12,flawed,0.010343327031073808
13,transmitted,0.00353232072676993
14,Study,2.382414687061869e-05
