,term,net_val
0,the,0.034048717978368996
1,racism,0.025427182422512098
2,coronavirus,0.02264608942579366
3,19,-0.017564828830586625
4,How,0.016837709064345705
5,of,0.01659498991499224
6,COVID,-0.015187165996340285
7,stop,0.0030270152262643767
8,spread,0.002975988161295237
9,outbreak,-0.0014777417546521978
10,during,-0.0008904330326931645
11,to,0.0007190933100158081
