,term,net_val
0,Schumer,0.1898760033759649
1,racist,0.150889011436788
2,Chinese,0.09116216933992713
3,the,0.08091552150100685
4,Trump,0.07914795351811879
5,Coronavirus,0.06810935572928586
6,Chuck,0.06534659294293396
7,of,0.06483557462709044
8,When,0.0648321066259982
9,to,0.042977602314446764
10,it,0.041907696415426764
11,called,0.04104194641274899
12,blocked,0.026929931829623457
13,prevent,0.016283051150403363
14,travel,0.015008143018465241
15,spread,0.012967819223478491
