,term,net_val
0,the,0.05736632391660098
1,coronavirus,0.039036786957076026
2,suspended,-0.03412264456775839
3,on,0.026638165435995672
4,Payments,0.01802482869906996
5,due,0.015387232550775667
6,outbreak,-0.011005698962220105
7,be,0.009543763302268377
8,mortgages,0.0056243487468781
9,in,-0.004250654075799995
10,to,-0.002116575583089259
11,Italy,0.0018551753666250167
12,are,0.0014997710350182739
