,term,net_val
0,says,0.094581281375887
1,Coronavirus,0.06713946963469467
2,Brawn,0.06276580885636772
3,Chinese,0.042595343444865326
4,look,0.04018573782448203
5,will,0.040017628800912426
6,Ross,0.029148856029601454
7,BBC,0.02611396413782694
8,to,0.024866984207166813
9,Sport,0.01787318798846717
10,reschedule,0.014925479481696454
11,Grand,0.013612823070376975
12,F1,0.009897691538570315
13,Prix,0.003349622495930475
