,term,net_val
0,pet,0.14412843910267775
1,the,0.12489963811584436
2,coronavirus,0.08414391916682189
3,dog,0.07022706477212695
4,finds,0.06994923733929215
5,in,0.054919172539411726
6,Can,0.04282476182056481
7,from,0.03794182435209077
8,a,0.035981186101068374
9,samples,0.03433590500071297
10,be,0.022890172736141162
11,Kong,0.021579565324208922
12,transmitted,-0.019299080180046845
13,to,0.01754190946298284
14,illness,-0.01184733821599789
15,Hong,-0.00614085696468425
