,term,net_val
0,Americans,0.0954262872484723
1,ship,0.06536999845077854
2,land,0.06495619332618628
3,repatriation,0.058908429845639966
4,on,0.05522884938034008
5,coronavirus,0.05347455003498381
6,32,-0.044844829596291366
7,cruise,0.03860944769812055
8,infected,0.033844881478922374
9,hit,0.03303982212782256
10,await,0.03299538393678008
11,Canadians,0.0276668585909629
12,home,0.02194461263830321
13,as,0.02051407584222508
