,term,net_val
0,COVID,-0.02332303269391799
1,t,0.017776972145052722
2,American,0.016874143949127587
3,Don,0.015329797729233765
4,19,-0.013497156295031383
5,friends,0.01108568666851149
6,Cost,0.010959359357894978
7,000,-0.008413184489310508
8,Over,0.005589419180317028
9,Tests,0.00549719407053087
10,3,0.004115443021370962
