,term,net_val
0,CoronavirusPandemic,0.03937599849929583
1,pandemic,0.02394925783575447
2,CoronaVirusCanada,0.02075374951344369
3,Covid,-0.010701010747813652
4,relief,-0.00923420351288343
5,19,-0.008800973349595292
6,financial,0.008493182454382492
7,COVID19,-0.0073648229263442045
8,term,0.005124671337058282
9,during,0.0036683977143319216
10,overseas,0.0021262849595063233
11,Short,0.0011260869025039404
