,term,net_val
0,fund,0.018895810935074947
1,from,0.018240489951956235
2,home,0.014125833731987433
3,employees,0.013424734279114132
4,19,-0.012792643453416526
5,North,-0.011366328220482638
6,to,0.01133141213043908
7,establishes,0.010398754910996903
8,American,0.008339230075303404
9,Google,0.0063933361208536425
10,all,0.0061353482420459645
11,expands,-0.0019579951729463293
12,work,0.0012035307388042864
13,COVID,-0.0008520420035779442
14,recommendation,-0.0007318463141716525
