,term,net_val
0,Coronavirus,0.012832773286086422
1,19,-0.012042923604006193
2,torch,0.011339743858949914
3,Tokyo,0.008757827427073053
4,ceremony,0.00858039028033494
5,downsized,0.007830300138391517
6,COVID,-0.005068857569836863
7,over,0.0041137918758996014
8,Olympics,0.003367885104438575
9,fears,0.0030052780541457583
