,term,net_val
0,the,0.23217441135410885
1,because,0.11994445696556638
2,let,0.11051938005005035
3,Boomers,0.0883564792288155
4,Coronavirus,0.0727935616187806
5,kills,0.06872436242555674
6,it,0.06237610156501699
7,people,0.05703029181112447
8,is,0.05415757140980066
9,s,0.03400647944832915
10,close,0.01803444760864061
11,over,0.012756646915793944
12,60,0.006319480003179784
13,borders,-0.004720475579075922
14,important,-0.004532174261503965
