,term,net_val
0,19,-0.01687880145560896
1,CANADA,-0.011223304389570197
2,ships,0.010067623650579838
3,on,0.009394717948062747
4,against,0.008813702449962673
5,doc,0.0064615025146618635
6,cruise,0.006201110424291508
7,COVID,-0.004003060835954885
8,travelling,0.0033515119587896546
9,Top,0.0030505264402021113
10,warns,0.0015081465938747397
11,over,0.0013275436878553463
