,term,net_val
0,coronavirus,0.01315500130493488
1,F8,0.011591700643370745
2,over,0.01147202229879231
3,conference,0.010229851033152977
4,developers,0.007940463660979395
5,cancels,0.0025714515792350746
6,Facebook,0.0019104319874399221
