,term,net_val
0,on,0.09174799618224094
1,to,0.08854851126848846
2,Trump,0.08746054466728091
3,and,0.08536877078564543
4,Gets,0.08501444891784456
5,President,0.07398779709552876
6,Coronavirus,0.0727802530160001
7,Lecture,0.0725579731916586
8,BRUTAL,0.0716592320640215
9,Supporters,0.051967995210772056
10,Clinton,0.0483714481155634
11,Destroyed,0.046466088701737095
12,by,0.03501596379653896
13,Attempts,0.03174664996890816
14,Facts,0.020538588015963824
15,Chelsea,0.010673452621919518
