,term,net_val
0,has,0.08102959487687249
1,updated,-0.06119782941486119
2,coronavirus,0.057549755587277415
3,Toronto,-0.055035168239447235
4,University,0.041705984776574376
5,webpage,-0.03266273185068165
6,the,0.02944984314294737
7,The,0.02525690863758492
8,one,-0.021016750971473947
9,of,-0.01741651978519724
10,light,0.01734657521670624
11,in,0.016299180397613376
12,on,0.016012039912810385
13,case,0.015593650975324093
14,its,0.009774543957166551
15,local,-0.0008535174326932608
