,term,net_val
0,racism,0.23664676123354875
1,I,0.09612545642968387
2,the,0.09288406667624406
3,see,0.08718848201791218
4,story,0.08224861988805378
5,to,0.08159691174749296
6,coronavirus,0.06684739940458136
7,are,0.06293058536313906
8,from,0.04849438426239492
9,on,0.04370665477336154
10,cdnpoli,0.03685738772694807
11,beginning,-0.024076001411529012
12,move,0.021789356700826403
13,blockades,0.02018521804019719
14,cdnmedia,0.01982779620228497
