,term,net_val
0,theory,0.11338307203224711
1,CoronaVirusChallenge,0.11002529055913304
2,that,0.07643560644721631
3,CoronaVirus,0.06537216300234493
4,my,0.060147989940823945
5,can,0.05692767917001269
6,If,0.056202733346634226
7,on,0.04996951205871985
8,condoms,0.047084296155908985
9,it,0.041184910861595966
10,HIV,0.038581321296350696
11,Wear,0.032479823060348606
12,hands,0.020630526066977527
13,your,0.016361344773090574
14,stop,0.008313882607658033
15,s,0.004091007390974226
