,term,net_val
0,coronavirus,0.11536045281588198
1,her,0.11448271096530084
2,she,0.09610408922245775
3,but,0.08630769898772082
4,tell,0.07628099945814908
5,woman,0.0729352578751433
6,has,0.05975123822324915
7,it,0.046960562382821674
8,for,0.030284756689024795
9,to,-0.028598168184336397
10,Florida,0.023890898690254438
11,likely,0.01777278687782433
12,refuse,0.01570582258027418
13,test,0.015038474407347888
14,Doctors,-0.005916929672070838
