,term,net_val
0,coronavirus,0.019335422861461567
1,in,-0.011747545864639433
2,emergency,-0.010265279439259986
3,King,0.009626338395968199
4,declares,0.004480373571328249
5,deaths,-0.0029464809012729335
6,state,0.0027302098706116144
7,PublicHealth,-0.0017758641103632258
8,Washington,0.0012189170759072316
9,County,-0.0009252432886037122
10,Six,0.0009034643167644273
