,term,net_val
0,coronavirus,0.12932436431352173
1,The,0.08259227555182004
2,MERS,0.07899944241058125
3,could,0.0789629169762404
4,one,0.06598841479811102
5,current,0.04793667509151894
6,start,-0.047570409381929406
7,China,0.04743951982055238
8,in,0.035474706785195466
9,started,0.027974738834041734
10,on,0.01977940455098002
11,last,0.01152065839337617
12,the,-0.009654912629057847
13,East,0.008290999912009666
14,Middle,-0.0072021309364308905
15,next,0.002446343932263523
