,term,net_val
0,due,0.0141759929697663
1,Coronavirus,0.014063606541792196
2,Drugs,0.010677537118062736
3,Shortage,0.00887300745444374
4,20,-0.00789573681865412
5,Risk,-0.005146650572378236
6,at,0.0041683860557330836
7,of,0.003356664238099269
8,FDA,-0.0015176042468892938
9,Monitoring,0.001244283828958279
10,to,-0.0008597799159923444
