,term,net_val
0,that,0.047631245809703106
1,COVID,-0.04375638180514288
2,19,-0.035418693448212246
3,of,0.035193498321419756
4,what,0.03029187636872718
5,Here,0.02402530739402558
6,Canada,-0.01804585961755962
7,confirms,0.01085872529342733
8,case,0.008146383416413236
9,community,-0.002356436631203763
10,s,0.001636773306987429
11,first,-0.0007151445040470432
12,means,-0.0007087831821525223
