,term,net_val
0,Wuhan,0.08185712811718651
1,a,0.0765928533314647
2,coronavirus,0.05887132643512629
3,being,0.050584036382582714
4,treated,-0.04213445412911354
5,robot,0.039438587173222225
6,man,0.037860066048176204
7,diagnosed,-0.034841794131788575
8,largely,0.031485961729070235
9,with,0.027793368756696857
10,A,0.02585736711540838
11,is,0.01821243887357745
12,by,0.014916314537648773
13,Seattle,0.007554260769973852
14,near,-0.002107673181313812
