,term,net_val
0,Ontario,-0.006457540244229211
1,now,0.004745022635756408
2,of,0.004047722246779645
3,in,0.0038175045472321556
4,18,-0.00308945991452028
5,province,-0.0028185919993128352
6,cases,0.0026967945258029326
7,total,-0.002569553223709458
8,19,-0.0025553302983941616
9,at,0.002013317312756438
10,3,0.001467264767608051
11,COVID,-0.0013566524833571684
12,new,5.080653465776476e-05
