,term,net_val
0,Delays,-0.073372558443188
1,Coronavirus,0.07159815096793067
2,Attacks,0.061895902845362255
3,C,-0.05627244255655162
4,N,-0.054701559669424485
5,Cuomo,0.053295530788271615
6,in,0.0511784937584605
7,Over,0.04555468776559348
8,The,0.038973813509779465
9,York,0.018377579666357963
10,Y,0.013497361723626585
11,New,-0.013206059130272712
12,Testing,0.011607535298944585
13,D,0.008892840883681688
14,Times,-0.00023668503081860194
