,term,net_val
0,infecting,0.15969040203168963
1,his,0.10981004756327678
2,the,0.10877479092873092
3,is,0.10305903113131186
4,Maybe,0.10288731851013866
5,herd,0.09152871782682644
6,Coronavirus,0.08224982774402863
7,with,0.0803012505520343
8,everyone,0.07619102583180858
9,by,0.053184819577160834
10,out,0.04389309379930563
11,thin,0.04278471650767435
12,entire,0.04130244141469877
13,mission,0.04027541683246441
14,campaign,0.03669192955378479
15,to,0.03591788013958947
