,term,net_val
0,Drizz061,0.18857784456663826
1,Coronavirus,0.11121577529818001
2,is,0.08953228084867906
3,soup,0.08801562682376726
4,bat,0.07884741716559633
5,worth,0.05788557438555834
6,it,0.04739100082540435
7,totally,0.04691892320858831
8,even,0.02453314885158722
9,Have,0.023223774989131446
10,tried,0.01529583542995144
11,you,-0.012084158364210729
