,term,net_val
0,19,-0.008183348568397468
1,Coronavirus,0.007801011928469921
2,COVID,-0.00488069762281222
3,Global,-0.003930470306816525
4,March,-0.003173064216796383
5,for,0.0024218368834805323
6,Toronto,-0.001152097497849914
7,camps,0.0011070721725153741
8,prepare,-0.001093268976448324
9,News,0.0008902761506613202
10,break,-0.0008742362686724009
