,term,net_val
0,War,0.019307286006155173
1,Coronavirus,0.015364353158306926
2,Scare,0.012313422734220267
3,Spikes,0.007722096891379139
4,Delivery,0.006828919533789366
5,Amazon,-0.0067678613769368845
6,Sparks,0.005078903695092983
7,Online,-0.004972892659887319
8,Orders,0.00086357734159594
