,term,net_val
0,coronavirus,0.025867233876895056
1,WHO,0.02086781845190781
2,This,0.020600317982022137
3,concern,-0.02032965848216561
4,a,0.01723672518380685
5,emergency,-0.014619994876876081
6,public,0.011344332177103494
7,declared,0.008374354773466777
8,health,-0.007534992582943767
9,international,0.004445369437075431
10,of,-0.0023084392513101496
11,afternoon,-0.0014389889762851664
