,term,net_val
0,Infecting,0.1609078040615249
1,Tweets,0.11845649646428458
2,Her,0.11775094897830522
3,Coronavirus,0.11653507251465126
4,Trump,0.08856286952580546
5,At,0.08566763839584643
6,By,0.07774256771983573
7,Democrat,0.07643395656227388
8,Of,0.07135404542720734
9,Spreading,0.055641652228768664
10,Supporters,0.0498111316333579
11,Large,0.039526179319453944
12,Amounts,0.03628030253977707
13,Rallies,0.02949298616660427
14,Support,0.02663183996872868
