,term,net_val
0,Coronavirus,0.12886442630438621
1,that,0.09993149047446978
2,with,0.08528583262218907
3,RickSantelli,0.08080526165324732
4,suggests,0.07222635181717947
5,let,0.06793168819763734
6,would,0.059086343012540066
7,so,0.05882002826277891
8,get,0.047814321337938004
9,everyone,0.037766673886406886
10,to,0.032782327636565
11,better,0.03212623422816974
12,be,0.028881538634215973
13,it,0.027772573832791875
14,2,0.004657831568639186
15,infected,0.001607379573901951
