,term,net_val
0,Pelosi,0.11319423409681484
1,He,0.11265766410614292
2,Coronavirus,0.10414930359206333
3,Because,0.10244326501221059
4,Doesn,0.09226655867948473
5,Her,0.08404906852243019
6,t,0.08028623750539318
7,Won,0.07558911478961648
8,Like,0.07524466159876113
9,Trump,0.04995339173678338
10,Childish,0.04712310880765241
11,With,0.045248266706085234
12,On,0.04103199054867182
13,Meet,0.007291329783133102
