,term,net_val
0,coronavirus,0.0165214724257994
1,of,-0.016136302977882554
2,reported,-0.01399521595622975
3,infections,-0.013857731957330331
4,its,0.010219943807660965
5,Thursday,-0.006931868060436141
6,yet,0.0058028103601930735
7,Korea,0.004177930448167315
8,on,0.0030421101202948914
9,largest,0.002780022561811338
10,South,0.0022962338764492387
11,new,0.0007646393528658376
12,number,3.9189423335586055e-05
