,term,net_val
0,player,0.10257925326157825
1,jazz,0.10093007561899268
2,coronavirus,0.07652118777014183
3,Mitchel,0.06803000542747854
4,was,0.04235079009066786
5,to,0.04206471150427353
6,the,0.03975361272786139
7,positive,-0.035622225400770834
8,Donovan,0.02891108029730818
9,only,0.02028594675846143
10,personal,0.01464136200116718
11,for,0.014551931863379528
12,test,0.0029108605215866354
