,term,net_val
0,China,0.044634266074289324
1,coronavirus,0.040714039902076164
2,first,0.023952461835234206
3,to,-0.023733049642627194
4,hospital,0.02034208183424252
5,deal,0.019065942115367905
6,with,0.017318724985315063
7,builds,0.017309681764831844
8,2,0.013290962984962565
9,cases,-0.011074389732431121
10,as,0.009549270954702383
11,new,0.008344181011295167
12,France,0.0039532424102009965
13,confirms,0.003604866360426555
14,outbreak,-0.0027341417429143536
