,term,net_val
0,Coronavirus,0.02838534612537716
1,Cuomo,0.023696506701116258
2,as,0.014385113836813348
3,11,-0.008671317821887202
4,Gov,0.007462836382843363
5,new,0.006772644714155914
6,overnight,-0.006122133499936297
7,in,0.0060057846206848405
8,confirms,0.00507811784962737
9,York,0.0048401550149646125
10,state,0.0011659488209041751
11,infections,0.0006682423736558676
12,doubled,-0.0005609692593252184
13,New,0.00017417931284207793
14,cases,9.981098033997234e-05
