,term,net_val
0,coronavirus,0.020518671476097882
1,Toronto,-0.01868004401302475
2,say,0.01725318373135294
3,novel,0.015204140029568668
4,of,0.012635617605473439
5,in,0.009778221962019234
6,case,0.00856059367292528
7,presumptive,0.007489674437969267
8,health,-0.0038432778564136114
9,New,0.0013790134438240193
10,officials,0.0005114084710671178
