,term,net_val
0,the,0.10943255042993373
1,says,0.08586609933257074
2,Speaker,0.05887772518750996
3,has,0.05852844626664442
4,Parliament,0.05804684650906242
5,tested,-0.04381526831681158
6,parliament,0.038120378495325125
7,positive,-0.034225321153655515
8,coronavirus,0.03377632379313224
9,for,0.032761472796938126
10,of,0.031356906029080894
11,Deputy,0.02489021191914039
12,Iran,0.02107715396562206
13,s,-0.0008242763414226893
14,8,-0.0007668973837826855
