,term,net_val
0,COVID,-0.012939071475685252
1,19,-0.010857943407139335
2,the,0.010846722216860666
3,live,0.010316334883914051
4,COVID19Italia,-0.010104818993383223
5,coronavirus,0.009354351530473357
6,coverage,0.008777329762315702
7,Italy,0.006845827835676048
8,from,0.006641960107731711
9,news,0.005837759557873487
10,epidemic,0.0045542630245062245
11,Follow,-0.0013819026989697796
12,on,-0.0008050543928876445
