,term,net_val
0,us,0.09361174875942085
1,reason,0.08295288133159208
2,to,0.07815816600288492
3,for,0.07668263069008822
4,there,0.06559668108827228
5,over,0.06366733195803113
6,I,0.05855048173397551
7,chief,0.05640772620911584
8,think,0.05561532404130622
9,any,0.05358032491165316
10,coronavirus,0.03956475507314101
11,t,0.03388598474787341
12,s,0.028293492988583933
13,health,-0.027420291212985247
14,panic,-0.02697518165551822
15,don,0.02105964904715853
16,Canadian,-0.016040872589187828
