,term,net_val
0,coronavirus,0.03904160038671307
1,pandemic,0.02776470599293134
2,The,0.02773522354939931
3,the,0.025338389326741557
4,a,0.021597317902026222
5,World,-0.01835036182143845
6,Health,-0.014223848403888538
7,declares,-0.013591484274354419
8,Organization,-0.00513805225027482
9,officially,0.005125730920317255
10,outbreak,-0.0030547589650093995
