,term,net_val
0,coronavirus,0.03613004339927193
1,despite,0.02893521459618908
2,on,0.02123160278118057
3,sales,0.018166490172812015
4,hit,0.01404559946486909
5,tops,0.012209705007337496
6,cloud,0.00896007720474083
7,Nvidia,0.004577394466702993
8,expectations,0.003178812239388363
9,forecast,-0.003153283211045362
