,term,net_val
0,bribe,0.15360275429716874
1,CoronaVirusUpdates,0.14909010959600036
2,guy,0.11070545439563191
3,the,0.10737426576508811
4,will,0.09844674759321136
5,take,0.09334328539557757
6,African,0.09045498230747956
7,CoronaVirus,0.08439606018424094
8,let,0.07146054069033386
9,amp,0.06189304247363898
10,a,0.058874309240836316
11,cops,0.05103327688297526
12,South,0.037998852635886364
13,go,0.02668695815131585
