,term,net_val
0,coronavirus,0.01802602475263939
1,is,0.017396267001635567
2,FAKE,0.01491340482402653
3,NEWS,0.010279672777038682
