,term,net_val
0,Cuomo,0.03523427208568881
1,coronavirus,0.02686356874042249
2,emergency,-0.026549357189126398
3,state,0.018326686050457723
4,soar,0.01465577126372093
5,76,-0.01450679441700832
6,to,0.012375904277278948
7,York,0.011430344968669622
8,of,0.010936764411145728
9,as,0.009498214118975262
10,declares,0.008400409212700329
11,New,0.0036883601184733382
12,in,0.0024837376846832287
13,cases,0.0012056103818686875
