,term,net_val
0,LMFAOOOOOO,0.2159082606179549
1,she,0.15895633299139467
2,coronavirus,0.11108192462528792
3,the,0.08815489379000677
4,lied,0.08538228261816154
5,wouldn,0.07872790174428874
6,having,0.07412337187063509
7,about,0.06384139163711024
8,Bro,0.0559279564063869
9,have,0.053149189346213814
10,street,0.051669142894223356
11,on,0.050816109514542566
12,t,0.04490013939976148
13,so,0.03526984684340377
14,sleep,0.028467003492497412
15,symptoms,-0.023622344846121978
16,to,0.007524310371016433
