,term,net_val
0,oatmeal,0.06511746494123936
1,sugar,0.04954277185513639
2,Coronavirus,0.029334565411435642
3,you,0.029075493829806398
4,her,0.02818693796202596
5,DS8,-0.027660176086362075
6,gonna,0.022017431888066052
7,sprinkles,0.019612700430230626
8,eat,0.01584034795574255
9,brown,0.015191573141073257
10,too,0.014830119376628743
11,on,0.013923744749284518
12,get,0.013205926599834567
13,if,0.013012153081129903
14,much,0.00856641347797609
15,re,0.008377036301755274
16,DD6,-0.003283216260794805
