,term,net_val
0,coronavirus,0.0647988969675606
1,could,0.047610143652845334
2,Wuhan,0.047226219832989885
3,and,0.04549417558205325
4,know,0.03244519677536151
5,finds,0.027752003141108626
6,People,0.025687459924306967
7,study,0.024101741547067377
8,not,0.02185839214146278
9,with,0.020840880187836894
10,initial,-0.016173558727740293
11,be,0.013462132777457954
12,infected,-0.0053421515658259805
