,term,net_val
0,coronavirus,0.01300155049223896
1,8,-0.011680837227469983
2,for,0.011144471564246373
3,people,0.009147677445974079
4,400,0.006856530057355141
5,kits,0.005207244238328982
6,test,0.0033166526425419717
7,monitoring,-0.0025208090164862127
8,California,-0.00228195794866595
9,awaiting,-0.0004590125860697075
