,term,net_val
0,after,0.026650204723145623
1,coronavirus,0.02420254920309825
2,novel,0.01981118673317303
3,passenger,0.015332447182273458
4,for,0.014394469393417646
5,COVID,-0.01438612969857643
6,19,-0.012816773020838465
7,tests,-0.012728735657368243
8,positive,0.010583669454314552
9,workers,0.00883922790084409
10,protection,0.007441234950181192
11,Next,-0.006451741115080313
12,seek,0.004970413098715741
13,Transit,0.0021536631468603
14,stop,0.0015801627411515518
