,term,net_val
0,man,0.02813346664101781
1,year,-0.02043300453302261
2,old,0.018657703628161947
3,coronavirus,0.01335752521024111
4,NEW,-0.012628474123443536
5,from,0.00939482847553464
6,reports,-0.00894306625506144
7,death,0.007108630277702807
8,88,0.006539527709137847
9,Italy,0.0034641164058980536
10,5th,-0.000275707716196462
11,an,-0.00013569496329497266
