,term,net_val
0,the,0.06282246600520183
1,Ontario,-0.045302772300408765
2,confirmed,-0.034560083087149675
3,total,-0.03372518092232018
4,has,0.02820506142368349
5,coronavirus,0.02603942179809063
6,cases,-0.024733012028297228
7,to,0.01843299244357808
8,three,-0.01689188349909244
9,number,-0.010258314744461431
10,bringing,0.003815695643965321
11,positive,0.0037886706454694904
12,new,0.0023859306019115368
13,in,0.0023857191469553534
14,GTA,0.0012196388595650644
15,of,0.0011289627285069725
