,term,net_val
0,a,0.054074880967904256
1,Chinese,0.04913670073510873
2,coronavirus,0.048988085226505176
3,says,0.048862077402025646
4,scientists,0.04628407265748316
5,19,-0.03719277494451657
6,Lab,0.03231361859655991
7,could,0.030461715265630553
8,have,0.02865206368338801
9,from,0.0242061006101694
10,COVID,-0.014551175819225846
11,Gov,0.012709344169685884
12,originated,0.007207566937883513
