,term,net_val
0,Mikel,0.019326572075761144
1,19,-0.017950638063954614
2,head,0.011591825413027187
3,for,0.011033658186314948
4,Arsenal,0.010112902128992612
5,COVID,-0.008689873785730162
6,coach,0.005629652423928938
7,tests,-0.005272996760329537
8,Coronavirus,0.003787341994905637
9,positive,0.0022811070610046255
10,Arteta,0.0005795760902374301
