,term,net_val
0,Your,0.07215532517784395
1,Coronavirus,0.06241032292998634
2,to,-0.05786234805855216
3,These,0.0424667846049545
4,Need,0.03464352948058508
5,Due,0.03325821635190455
6,Options,-0.020904113531937673
7,Are,0.016112370150102747
8,Change,0.0119046925830579
9,Travel,-0.01114936066306642
10,Plans,0.005132297901533826
