,term,net_val
0,lied,0.19021036279388398
1,about,0.10722501034794965
2,has,0.05866528208706486
3,China,0.0460226263858778
4,lie,0.04474921148668898
5,Coronavirus,0.04445545392032574
6,Chernobyl,0.03618051877483171
7,global,-0.031512263371409985
8,USSR,0.031126455283973148
9,Ego,0.029868473594508213
10,Countries,0.023932031909660343
11,Japan,0.017827695024102
12,2,0.015567147489797884
13,1,0.008182290290719681
14,Fukushima,-0.0061708510405728174
