,term,net_val
0,a,0.13152299152697164
1,LICKING,0.12173152994775334
2,Iranians,0.10070474022784591
3,that,0.09723309149910074
4,show,0.08632331687689529
5,despite,0.08268939036469924
6,no,0.0625320140463635
7,coronavirus,0.05602698824144819
8,me,0.04762837089360514
9,s,0.04417455742734215
10,holy,0.0395907177990448
11,from,0.035618611766186595
12,shrines,-0.02803146107017161
13,Videos,0.018462245530868844
14,and,0.0072542628661682075
15,outbreak,-0.0035527676228950295
