,term,net_val
0,home,0.040176743087346777
1,coronavirus,0.03722859994473491
2,who,0.0345710164099582
3,novel,0.030260207136511345
4,the,0.029468076579093394
5,This,0.023339396657100296
6,Sunnybrook,0.022775079330184307
7,hospitalized,-0.0213210840230632
8,discharged,0.01767366647347575
9,was,0.015777311230097856
10,with,0.014213285383850994
11,patient,-0.012074523301175987
12,last,0.00670093733397342
13,morning,0.0036558965065425623
14,week,0.0004127104641680507
