,term,net_val
0,to,0.006271878416758394
1,Apple,0.006144428005958239
2,coronavirus,0.005991628166455904
3,over,0.004692574026173411
4,restricts,-0.003311918418513666
5,Korea,0.0022055395460349554
6,Italy,-0.0020963936087441664
7,travel,-0.00174528524952822
8,employee,0.001210708986813512
