,term,net_val
0,on,0.05774356200333659
1,the,0.055515946647991546
2,coronavirus,0.04989427572408563
3,shoulders,0.024222751872224946
4,19,-0.02349602976386814
5,giants,0.018713976501958853
6,of,0.017364263710837196
7,COVID,-0.01701738168941331
8,DeepMind,-0.016742684973704864
9,rests,0.01278109491127172
10,s,0.011568772534552263
11,effort,0.007682142726723994
12,Google,-0.005127325667921735
