,term,net_val
0,Leave,0.07296758931079644
1,Americans,0.07107883307114457
2,He,0.05917708885705085
3,Coronavirus,0.0554842277663351
4,Flatly,0.05396305668344913
5,d,0.05207994840013477
6,Admits,0.05007745414806271
7,Trump,0.042543481411600574
8,Numbers,0.022564134593482055
9,Hold,0.021020003667610063
10,Stranded,0.014332210509479736
11,to,0.001201919656201794
12,Static,0.0011878763093586373
