,term,net_val
0,Bible,0.11764509417694449
1,coronavirus,0.1026027742224347
2,as,0.09191083747756104
3,in,0.09176375077476603
4,China,0.0873142194901491
5,have,0.0728357356361127
6,The,0.06959259395521208
7,its,0.06701743002381572
8,the,0.06560378119125146
9,markets,0.052320742094899855
10,outbreak,-0.042937577595793495
11,been,0.04027090077084206
12,well,0.03549116466100295
13,may,0.026092022973288338
14,s,0.016048301070625104
15,predicted,0.009232028687128439
16,origins,0.006074911968729188
