,term,net_val
0,my,0.10403791187937975
1,is,0.1039734810489457
2,a,0.09429435461714249
3,coronavirus,0.0887721447321932
4,Can,0.07410423756018823
5,goodness,0.0697142802358434
6,Oh,0.0696885836342673
7,anyone,0.06885790393330198
8,realDonaldTrump,0.05091945247856873
9,virus,0.045432692522254146
10,just,0.03148813856017535
11,foreign,0.03036029143739839
12,cal,-0.015701728844821097
13,ChrisCuomo,-0.00553352575944974
14,townhallcom,0.005039261237381246
