,term,net_val
0,misinformation,0.1563525689430606
1,racist,0.14758031369331423
2,is,0.1400799938520819
3,JohnTory,0.10579813106419649
4,that,0.09269583796823964
5,Mayor,0.09212402149953956
6,spreading,0.07117939782121606
7,blogTO,0.06993924049095226
8,everyone,0.06049160822647867
9,in,0.039481736091234905
10,also,0.03868675980657362
11,coronavirus,0.030653404763994762
12,Toronto,-0.02442368576993649
