,term,net_val
0,Coronavirus,0.09120870956466187
1,Talks,0.06327116115134832
2,the,0.05602748321858812
3,emplaw,0.03796931128297495
4,FR,0.03761467914803517
5,What,0.03728722371490672
6,Canadian,-0.02409645846919051
7,HRblog,0.02059271310877362
8,HR,0.01843388881355505
9,for,-0.01413500822644445
10,employers,-0.009143108669803572
11,means,0.007408451418108523
12,HRlaw,0.004627861156311872
13,New,-0.0023002243475725268
