,term,net_val
0,coronavirus,0.014285859216508497
1,COVID,-0.011615563040256887
2,name,0.005886348348945674
3,by,0.004403075530102283
4,Health,-0.0020540477385616184
5,given,0.001933525762761186
6,19,-0.0014720786272866488
7,New,0.0013462930131663093
8,World,0.0011618911455080773
9,Organization,0.0006476393665627019
