,term,net_val
0,19,-0.007410691856981869
1,McMaster,0.007019196371226261
2,for,0.004604018708979625
3,NEGATIVE,0.0032262625953976233
4,student,0.002848629617376082
5,COVID,-0.0020590633097425834
6,tests,0.00034802057062966986
