,term,net_val
0,C,-0.03585120292690541
1,19,-0.030728025646426273
2,identifies,0.027734263293493003
3,COVID,-0.025817400976014017
4,a,0.02007325930348311
5,B,-0.018216106879161666
6,including,0.016163052862973377
7,8,-0.016134513766334502
8,community,-0.014227201173670862
9,infections,0.010854348343565282
10,case,-0.00172860367897839
11,new,-0.0005330193153352014
