,term,net_val
0,the,0.04003881793625287
1,19,-0.021816594423262222
2,COVID,-0.017578588673879684
3,Book,0.016007525836732844
4,Citing,0.015873955793626753
5,about,0.013293348702025864
6,coronavirus,0.013188899609872172
7,Fair,0.010717542540812298
8,Canceled,0.009416444242173744
9,concerns,-0.008583498776203704
10,London,0.008073978226271934
11,potential,0.003718993824542937
12,of,-0.0012260792206592198
13,spread,0.0011594060008134682
