,term,net_val
0,says,0.016886005134328856
1,Coronavirus,0.015394931554830843
2,COVID,-0.010413009602345508
3,public,0.009373166543016528
4,tested,-0.007093755087616703
5,for,0.006683418301686958
6,19,-0.006118754376753367
7,Physician,0.002924778286916711
8,health,-0.0014541789179582773
9,Hamilton,0.0012663538685348
10,positive,0.00020905980941118176
