,term,net_val
0,Coronavirus,0.10159010290830123
1,sanitiser,0.08311303687195312
2,stockpiling,0.08256362845801199
3,has,0.0784109946545175
4,a,0.06995552696212937
5,but,0.06103169081007602
6,effective,0.05029165458161677
7,This,0.046925774180987076
8,how,0.04188245958785562
9,look,0.04072732723460704
10,takes,0.039110376475501134
11,it,0.03788117119185961
12,is,0.03782390078724831
13,everyone,0.035564390057743485
14,hand,0.028431640392191405
15,graphic,0.027814514765000232
