,term,net_val
0,Coronavirus,0.023022602983156747
1,payments,0.011540539448421603
2,mortgage,0.008140398569059347
3,Italy,0.0072318446608326085
4,BBC,0.00656921089080239
5,amid,0.005140004783711444
6,suspend,-0.0050900137893229455
7,outbreak,-0.004617658005071337
8,to,0.0044341879346333195
9,News,0.003096222995077723
