,term,net_val
0,COVID,-0.029864313194228602
1,Today,0.026098088148534954
2,19,-0.025925401173293526
3,on,0.017593550745969532
4,for,0.015473043369916005
5,community,0.012708951353059428
6,session,-0.01019699266681143
7,planning,0.009198829128425177
8,preparing,0.00750924336391095
9,focussed,0.0061196020830717865
10,spread,0.005071575397681692
11,response,0.003815255490568692
12,s,0.0025548717716293344
