,term,net_val
0,Husband,0.014637138104595465
1,of,0.012547949506731746
2,also,0.011419953295053294
3,Ontario,-0.009266729205062088
4,for,0.007036380579598473
5,19,-0.005539191852197916
6,fifth,-0.004813756611724777
7,virus,0.002763151898727153
8,patient,0.002359337633371395
9,positive,0.0013667732113192476
10,COVID,-0.0011857996150156618
11,tests,-0.0010422281883224833
12,s,0.000703279750156275
