,term,net_val
0,and,0.04572652393062216
1,in,0.04191238525972026
2,coronavirus,0.03822064472995244
3,US,0.029832232507416793
4,are,0.027559220176709455
5,cases,-0.024591724872099797
6,third,0.010481980839108649
7,of,0.00770760815289855
8,origin,-0.0071641608399742405
9,unknown,0.00678001334878747
10,second,0.006444763856989895
11,New,0.006208101553039273
12,CNN,-0.0057572881107688
13,Oregon,-0.0054471285952334934
14,California,0.0010279100347948846
