,term,net_val
0,bringing,0.01098209133618808
1,Coronavirus,0.010583916604406047
2,in,0.00904318181350572
3,18,-0.007644740078757399
4,19,-0.006049923497105709
5,to,0.005838183144091089
6,of,0.005778776631616277
7,GTA,0.0045107813356882
8,total,-0.004276700765897383
9,COVID,-0.0040602208308947235
10,cases,-0.003300273964287378
11,Ontario,-0.0020522341345900167
12,Three,0.0017514211373200579
13,new,-0.0015140860506941676
14,Toronto,-0.0007010289979985119
