,term,net_val
0,coronavirus,0.1667602334310165
1,Why,0.10307422565704426
2,doesn,0.09008241620345062
3,The,0.08723277882476183
4,with,0.08421137374412124
5,t,0.06625016265115638
6,make,0.057765584752376885
7,19,-0.05578430465440905
8,Interesting,0.05443811198386061
9,sick,0.04705947481504851
10,kids,0.046290124678707474
11,covid,-0.045249695426233
12,Post,-0.03310080772945183
13,Washington,-0.01501294227302673
