,term,net_val
0,March,-0.06849155843671413
1,who,0.06482224145487975
2,in,0.057066569405875005
3,of,0.052302543528239376
4,Coronavirus,0.044947275757215625
5,her,0.042318922705304275
6,Toronto,-0.0371948418329581
7,40s,-0.032557499615549115
8,woman,0.02796106768539551
9,on,0.024457106942881123
10,Colorado,-0.024060525711283472
11,2,-0.023044191603185174
12,from,0.014379497055834028
13,case,0.011729658202352063
14,returned,-0.007843534694036891
15,New,-0.0020386050105334324
