,term,net_val
0,Coronavirus,0.08802254940372484
1,Pavillion,0.08456281428801395
2,Melania,0.07186627918398841
3,As,0.06618200147829115
4,Americans,0.06593473871118342
5,Tantrums,0.05787039677039943
6,Kills,0.052783443518055445
7,White,0.04912112952703027
8,House,0.04573342814455399
9,Over,0.04227917855557781
10,Tennis,0.04070272311293737
11,Trump,0.02482784923982629
