,term,net_val
0,Coronavirus,0.03727060615360103
1,WHO,0.03382855724838326
2,19,-0.02278704157174967
3,a,0.021602595403412708
4,pandemic,0.02129249986518484
5,as,0.012426344994395233
6,COVID,-0.010139878748213978
7,classifies,-0.007445716291287447
