,term,net_val
0,UPDATE,-0.018494138757023947
1,Government,0.012883698754308748
2,Combat,-0.008740666558365591
3,Billion,0.006626856581442375
4,1,0.006219768055109879
5,Federal,-0.0042297902883973336
6,To,-0.003359157760156593
7,Commits,0.000877351360611971
8,Spread,-0.00044636055020173425
9,Coronavirus,-5.5728689218158544e-05
10,of,4.240748394537143e-05
