,term,net_val
0,updates,-0.012145022675654255
1,Coronavirus,0.010408147809770861
2,19,-0.00859011716887051
3,Ontario,-0.007545564862342612
4,isolates,-0.007003405748494409
5,COVID,-0.005922411963626654
6,of,0.00576748599843601
7,as,0.003483143789476978
8,announces,-0.003074379900524229
9,cases,0.002506018821793568
10,17,-0.0017329888830460891
11,self,0.0014033851323756172
12,Justin,-0.0010620705390304846
13,Trudeau,-0.0010501530872613297
14,more,0.0001286325468449604
