,term,net_val
0,Coronavirus,0.03974653392760988
1,COVID,-0.033772385920171503
2,19,-0.03230217290321106
3,School,0.026803183664706583
4,Update,-0.026427442295235255
5,the,0.024602295088161984
6,on,0.023309818939820048
7,St,-0.011845366193081453
8,Novel,0.010468594141088732
9,Anthony,-0.00949547782012175
10,News,0.008152290508036576
