,term,net_val
0,to,0.018317948303990722
1,UPDATED,-0.013664788112194232
2,spend,0.013552260933513145
3,19,-0.010384847411201218
4,COVID,-0.00731873938341639
5,impacts,-0.006513303444565485
6,1,0.005770237581901581
7,economic,0.005715829810479078
8,spread,0.00556393765659972
9,Canada,0.005492680844240022
10,combating,-0.000315573013359005
11,billion,0.0002875779879111527
