,term,net_val
0,sell,0.04796662400910332
1,coronavirus,0.04344528337424224
2,markets,0.03788620474649849
3,again,0.037732572696100725
4,Stock,0.03495076830384811
5,off,0.03371587434612644
6,fear,0.032950871120599315
7,by,0.03264178253676263
8,global,0.027706432958124437
9,economy,0.026994001871162642
10,as,0.021543879657331136
11,infected,0.000910121430378901
