,term,net_val
0,have,0.04667468551935997
1,Ontario,-0.04582772851085119
2,confirmed,-0.04362550716472073
3,in,0.043532460295855335
4,coronavirus,0.04118885898987035
5,COVID,-0.03400786475471569
6,19,-0.03377996537960616
7,Health,-0.027067656705246537
8,the,0.01847500279300561
9,novel,0.013721375330730718
10,BREAKING,0.012532931312162796
11,officials,-0.012113613400282091
12,Toronto,-0.011218077606732591
13,of,0.010618966319673781
14,case,0.004178924917965227
15,new,-0.0011326070766546818
