,term,net_val
0,the,0.05851377503359396
1,and,0.0487836695249619
2,coronavirus,0.03429199747811028
3,IOC,0.02789225187754128
4,COVID,-0.024535038055288384
5,on,0.022965718975321923
6,Board,0.0146919019056123
7,19,-0.014007834094836342
8,Olympic,0.008988566211585974
9,Tokyo2020,-0.005751792508249313
10,Games,0.005071902990556156
11,Executive,0.004773172292973377
12,statement,-0.001898030284290912
