,term,net_val
0,Bird,0.13634741446907128
1,fake,0.09393293726224441
2,China,0.06648167231435638
3,Coronavirus,0.062019880645179604
4,SARS,0.06181994565181758
5,originated,0.056701940425180765
6,amp,0.05195293310700121
7,Not,0.051473493059974056
8,news,0.045101509692251344
9,Flu,-0.03061683418894142
10,in,0.024548622714334577
