,term,net_val
0,shopper,0.15971786817479436
1,stockpiling,0.12234418724483956
2,coronavirus,0.0948909488170865
3,in,0.06279846924695595
4,knife,0.06021419834128138
5,amid,0.060038003184257324
6,toilet,0.05926395818850029
7,paper,0.05921764327788967
8,Australian,0.054022401350754846
9,fight,0.04389591981083073
10,over,0.037626244837876445
11,draws,0.029414010279808347
