,term,net_val
0,BONKERS,0.15680258686317272
1,Impeach,0.12678113025810628
2,to,0.11784442710243309
3,Coronavirus,0.11326646834162842
4,Want,0.10149177435549536
5,that,0.096094570534239
6,Dems,0.08001934266124512
7,Goes,0.07935613753404225
8,and,0.06967857835397427
9,Fox,0.06217835848489697
10,Use,0.06025514137760631
11,Claims,0.05009164887287414
12,Trump,0.04928721443818738
13,Host,0.038227357762031546
