,term,net_val
0,explained,0.10758780265220085
1,coronavirus,0.07634585070402554
2,men,0.07066025290755584
3,virologist,0.06429340001683057
4,the,0.0634182475228241
5,is,0.05762947892627731
6,Leading,0.050726760585680146
7,by,0.043442245117542196
8,solely,0.03834541005251669
9,Hardick,0.036479937982020746
10,spread,0.0297880795835937
11,J,0.029265538519095552
12,confirms,-0.02334414099286562
13,BREAKING,0.018447271283992785
14,B,0.017816108585617635
15,Dr,0.004568207602544967
