,term,net_val
0,coronavirus,0.0209326886341691
1,hiring,0.013723286230531102
2,slashes,0.011807020122245946
3,on,0.011290095580278213
4,flying,0.009895002394562603
5,United,0.006694767651414807
6,demand,-0.004967477404773949
7,hit,0.002621335330605866
8,freezes,0.001890557208496745
9,Airlines,0.0012463249653868664
