,term,net_val
0,says,0.022698008562499334
1,coronavirus,0.01551438304332417
2,KKR,0.012390414161322486
3,shuts,0.009145240636714186
4,employee,0.007092597511025999
5,for,0.004224681154448163
6,offices,-0.0033544360115114443
7,London,0.002081548236754665
8,positive,-0.0011717380819294676
9,tests,-0.0009539304878815373
