,term,net_val
0,Lumberjack,0.11353125352418038
1,researchers,0.11299274585035007
2,germs,0.09715910007185394
3,carry,0.09551049532835375
4,coronavirus,0.08558136586197052
5,Enjoy,0.07554539736803237
6,dog,0.06457836024604245
7,than,0.06251223912576541
8,beards,0.06098414225328093
9,to,0.05132070369216276
10,fur,0.036902549519524014
11,more,0.026605639352424524
12,Swiss,0.020282307643621923
13,hipsters,0.009270357961800523
14,according,-0.0015053142228236257
