,term,net_val
0,after,0.020207473859157783
1,player,0.019636148541684526
2,19,-0.01595212594653276
3,Jazz,0.012403988745517599
4,Coronavirus,0.01168633294246582
5,suspends,-0.008659127730360691
6,for,0.008023319436726219
7,positive,0.00633430455634287
8,COVID,-0.005592452516523469
9,tests,-0.005466523380803313
10,season,-0.0032927597337264343
11,Utah,-0.0024991479975847845
12,NBA,0.0010666722371180679
