,term,net_val
0,WuhanCoronavirus,0.08818532637747103
1,WuhanVirus,0.08586975697732299
2,Coronavirus,0.07050533342711755
3,Wuhan,0.06189166377815422
4,Stay,-0.05551965766043714
5,to,-0.044081678196520147
6,Safe,-0.04047836970869618
7,SuMoh7,-0.030222847080183746
8,Virus,0.0270302599617852
9,retweet,-0.026997783475916057
10,The,0.026085934571863787
11,RT,0.012175117705026666
12,PSA,-0.00831165494190184
13,How,0.007419697404082929
14,Pls,-0.006857112822953944
