,term,net_val
0,coronavirus,0.018411257091161162
1,of,0.016776233777400253
2,and,0.016514482110462927
3,EA,0.010703562914021799
4,concerns,0.008904084018275332
5,others,0.008450824400329779
6,Sony,0.007334928013340292
7,out,-0.005886057785104311
8,Microsoft,0.005727501021406367
9,over,0.003777462332130904
10,GDC,-0.0025547525704423426
11,drop,0.0010118434962623618
