,term,net_val
0,coronavirus,0.029095234495834118
1,19,-0.021240741630388332
2,from,0.016268018605192502
3,emergency,-0.009889633813619595
4,toll,-0.008954047889632543
5,New,-0.008773925632279043
6,hits,0.00839564278133722
7,U,-0.005999869141391038
8,declares,0.00585042828094799
9,York,0.0030509201993945017
10,death,0.002324433507654671
11,S,0.0009386631175306653
