,term,net_val
0,he,0.12930233358700677
1,calories,0.12617468538772292
2,coronavirus,0.12593247834511698
3,Obama,0.11224868442287357
4,and,0.1074956737228297
5,invented,0.10286827129226152
6,the,0.1023526510361577
7,paper,0.09466936983188567
8,Apparently,0.07502102245731214
9,also,0.05498150899627239
10,only,0.04302637560993277
11,DM,0.04257489076746329
12,testing,0.04163880521510405
13,cuts,0.04099201838309461
14,not,0.02618500505157768
15,standardized,0.019985814524666842
