,term,net_val
0,the,0.06485161308397887
1,How,0.04222343535136896
2,are,0.021855650701219025
3,CANADA,-0.02151953533247148
4,of,-0.014932178201257739
5,spread,-0.014251730561923413
6,using,0.01335861865897579
7,Canadian,0.0058970073292566715
8,researchers,-0.0032737749881045814
9,coronavirus,0.003052970454349593
10,to,0.002368024091723553
11,data,-0.0015875302247202409
12,track,2.0117466828853467e-05
