,term,net_val
0,hair,0.013150637190242044
1,suggests,0.01092205933217728
2,shave,0.009843402380422892
3,coronavirus,0.009540598571296143
4,people,0.008126132487341169
5,CDC,-0.006178851986800117
6,to,0.005901620581335025
7,National,-0.004705952193718193
8,facial,0.004174033932930451
9,avoid,-0.003990682619965293
10,contracting,-0.00030970891377180346
