,term,net_val
0,Coronavirus,0.059418661305712335
1,A,0.051494093710124415
2,Moronavirus,0.0467411470996255
3,anything,0.04029158648238658
4,Trump,0.03719303320458442
5,has,0.03431574893702454
6,else,0.02946230121251472
7,unlike,0.02820806959140274
8,faced,0.014630232968162474
9,problem,-0.0010430627605469754
