,term,net_val
0,Coronavirus,0.04934490760338962
1,Is,0.03887118871030114
2,has,0.038055646021387016
3,scare,0.03294816717891142
4,restaurants,0.030036102585727916
5,Awesome,0.02448711498055805
6,customers,0.021409862127905868
7,of,0.017650433837739087
8,Richmond,0.016454890768141012
9,scared,0.01621952905081201
10,usually,0.015875116640228955
11,Vancouver,-0.007338836441759795
12,busy,0.0022473451727379728
13,out,0.002130234227941979
