,term,net_val
0,to,0.022895350682314155
1,COVID,-0.020716860175451535
2,19,-0.01915006958796142
3,of,0.013319697402316626
4,Trudeau,0.011101053193348852
5,with,0.00948105212608973
6,cdnpoli,0.006375822552210656
7,number,0.006244206645870155
8,increasing,-0.005491384134151778
9,deal,0.004228768272563937
10,cases,0.00265318503531808
11,funding,-0.0024414996192078857
12,announce,-0.002213349250029266
