,term,net_val
0,coronavirus,0.021179367869591733
1,up,0.012597807840482988
2,amid,0.011966157320074944
3,sets,0.009018503421208437
4,Toronto,-0.006894723809686353
5,Health,-0.006270828639898536
6,Public,0.004564960190105865
7,outbreak,0.0009647053641327404
8,hotline,0.0006029785011870193
