,term,net_val
0,This,0.12951013191822064
1,meth,0.10588345074930991
2,coronavirus,0.1007894957852091
3,police,0.08247231748686161
4,your,0.061151706864164816
5,will,0.06036891272722798
6,it,0.05629448757531541
7,for,0.05376619833709911
8,test,0.039186259394651035
9,dept,0.0366477683523612
10,contaminated,0.03506992400974086
11,with,0.031547751616740734
12,free,0.011883473504806775
13,Is,0.0050263219263101755
14,Florida,1.0305734963042647e-05
