,term,net_val
0,pandemic,0.12450112319674059
1,for,0.10432154947638254
2,as,0.09392098096728704
3,golfing,0.0887180867317935
4,coronavirus,0.08533821489411728
5,government,0.07463347995011553
6,posing,0.07302494326735048
7,hammered,0.06766229406418939
8,Trump,0.0641065322866051
9,by,0.05597107673234131
10,CNN,0.053084025610423066
11,from,0.050268974495925225
12,hosts,0.031394332889283484
13,and,0.031141836497986453
14,pics,0.028988391500124014
15,reels,0.009508684459955452
