,term,net_val
0,could,0.07405270555302082
1,Social,0.05413092124931432
2,against,0.05338611342526503
3,buy,0.04939388735256134
4,coronavirus,0.035890897456919583
5,valuable,0.020215647591795293
6,S,-0.01122282523960449
7,time,0.00657469322500502
8,U,0.004329378425393118
9,distancing,0.004037937278090883
