,term,net_val
0,even,0.0344415834381657
1,coronavirus,0.03157476682799848
2,shares,0.017073321806783413
3,of,-0.015255920932493745
4,as,0.014802717187781048
5,no,0.013968661517947572
6,signs,-0.010358965363552542
7,record,0.008658976912629507
8,shows,0.005782091876075077
9,scale,0.0012307628113093951
10,European,-0.0005779037767704883
11,peaking,-0.00020171311229666587
