,term,net_val
0,Coronavirus,0.012116294346493766
1,19,-0.009816780368402524
2,COVID,-0.0072051918076071675
3,of,0.005764773296873896
4,in,0.0033425720550420723
5,update,-0.0032215298230372207
6,confirmed,-0.0029797828602507815
7,Sudbury,-0.0010067514348212794
8,First,0.0008567360960890189
9,case,0.0004069378194974808
