,term,net_val
0,PresidentTrump,0.15251801591540848
1,Has,0.1521596717912565
2,Talking,0.12327762552633205
3,CoronaVirus,0.11473322348677031
4,No,0.0819314903190801
5,Trying,0.08137885333268394
6,With,0.07521961922434682
7,CNN,0.06557212199221246
8,Deliberately,0.06240121943772472
9,Been,0.0591064009458129
10,Incite,0.05427941543915482
11,Plan,0.025366704796648647
12,Points,0.024784422848101326
13,Watch,0.022376045158173017
14,To,0.017184614531838317
15,Panic,0.004930505830555989
