,test_auc,test_accuracy,test_recall_macro,test_precision_macro,test_f1_macro
0,0.9213454091257415,0.8375,0.841969953821979,0.8459055624204606,0.8369970630939468
