,test_auc,test_accuracy,test_recall_macro,test_precision_macro,test_f1_macro
0,0.9010774653082629,0.8214285714285715,0.823140582646767,0.8213596949531613,0.8211319264219894
