,fold_num,train_auc,train_accuracy,train_recall_macro,train_precision_macro,train_f1_macro,tune_auc,tune_accuracy,tune_recall_macro,tune_precision_macro,tune_f1_macro,test_auc,test_accuracy,test_recall_macro,test_precision_macro,test_f1_macro,C,break_ties,cache_size,class_weight,coef0,decision_function_shape,degree,gamma,kernel,max_iter,probability,random_state,shrinking,tol,verbose
0,Fold 1,0.9997163925127623,0.9940476190476191,0.9939024390243902,0.9942528735632183,0.9940423419270188,0.8951923076923076,0.8392857142857143,0.8346153846153846,0.8438735177865613,0.8367346938775511,0.8829719387755102,0.7678571428571429,0.7678571428571428,0.7681992337164751,0.7677830940988836,1.0,False,200,,0.0,ovr,3,scale,linear,-1,True,,True,0.001,False
1,Fold 2,0.9731598645517733,0.9255952380952381,0.9239885938335413,0.9263440860215053,0.9249564479385358,0.9099967855994857,0.8571428571428571,0.8592092574734812,0.8564593301435407,0.8567316917173009,0.9261067708333334,0.8660714285714286,0.8723958333333333,0.8649122807017544,0.8652009949450373,10.0,False,200,,0.0,ovr,3,scale,poly,-1,True,,True,0.001,False
2,Fold 3,0.9529766123316796,0.8869047619047619,0.8868178596739901,0.8869824163357913,0.8868686868686869,0.9523504956827631,0.8928571428571429,0.8915893827950112,0.8936033429765349,0.8923076923076922,0.8998405103668262,0.8303571428571429,0.8307814992025517,0.8310983397190294,0.8303436179542374,0.1,False,200,,0.0,ovr,3,scale,linear,-1,True,,True,0.001,False
3,Fold 4,0.9666702142755783,0.9107142857142857,0.9099616858237547,0.9115384615384616,0.9104573073233131,0.9147509578544061,0.8392857142857143,0.8390804597701149,0.8390804597701149,0.839080459770115,0.9365384615384615,0.8392857142857143,0.8397435897435898,0.838441890166028,0.8388231531819634,10.0,False,200,,0.0,ovr,3,scale,rbf,-1,True,,True,0.001,False
4,Fold 5,0.9788634665338221,0.9166666666666666,0.9178735366330997,0.916214779372674,0.9165217391304348,0.8893229166666666,0.8035714285714286,0.8020833333333333,0.7993548387096774,0.800453514739229,0.8599296450271827,0.8035714285714286,0.8049248480972178,0.8041467304625198,0.8035087719298246,10.0,False,200,,0.0,ovr,3,scale,rbf,-1,True,,True,0.001,False
