,term,net_val
0,Could,0.039854792265610756
1,2020,0.03813984115216339
2,Says,0.038091757092522806
3,Olympics,-0.03170018476446659
4,Canceled,-0.025711688403666506
5,Outbreak,-0.01700395695746512
6,Official,-0.016177741026539818
7,Coronavirus,0.015700303865395827
8,TMZ,0.006293945014552887
9,via,-0.005439128070894833
10,Be,0.0007157126132146141
11,Over,4.0823678021402076e-05
