,term,net_val
0,new,-0.03911391506078921
1,largest,0.025564416648063578
2,yet,0.024430386202632173
3,South,0.01714373148722826
4,coronavirus,0.01505722259153808
5,Korea,-0.013246196895454128
6,Thursday,0.01259163103582801
7,number,0.008483628287380694
8,infections,0.0018871340356938857
9,on,-0.0002705124583121871
10,of,0.0002638373281520032
11,reported,-3.6609772825993015e-05
12,its,3.556577897788823e-05
