,term,net_val
0,refuses,0.18638577294407024
1,times,-0.10973455451518392
2,scary,0.06445902299732341
3,living,0.06391712935006508
4,protect,-0.05696906247763206
5,Canada,-0.04425076121973348
6,Canadians,-0.025051923019172813
7,coronavirus,-0.023670090482085116
8,Gov,-0.004733763317002009
9,We,0.0010893494451336212
10,t,0.0010190955907448123
11,in,-0.0009074356038094227
12,are,0.0006086770248487391
13,from,-0.00027195827023191593
14,to,0.0001757991569606894
