,term,net_val
0,COVID,-0.07383878940114469
1,19,-0.07383413918714535
2,head,0.03632552757700089
3,positive,-0.027220390657650903
4,coach,0.024889470087818027
5,Mikel,0.016583441447942996
6,Arteta,0.016575895871510794
7,Arsenal,0.016098629695074355
8,Coronavirus,0.01498360244137839
9,tests,0.0024643308146815837
10,for,0.0011883256732602026
