,term,net_val
0,Trump,0.13944398675055103
1,Use,0.08961232862091788
2,Claims,0.07739833347374243
3,Goes,0.05950115007351601
4,BONKERS,0.05824797053733532
5,Dems,0.0577828454072716
6,Impeach,0.05601250080556554
7,Want,0.047237720605695525
8,Fox,0.0349965627563797
9,Coronavirus,-0.027468260707619367
10,Host,0.0050090082592170885
11,that,0.00384556464624191
12,and,0.0035896380593293457
13,to,0.001876526909171037
