,term,net_val
0,began,0.06522369918187491
1,outbreak,-0.061094334004161255
2,Islamic,0.05213822841290212
3,crooks,0.04985634147613403
4,liers,0.048906803663853776
5,Iran,0.04318191726081662
6,Republic,0.03994121681386644
7,coronavirus,-0.02478380244412589
8,and,0.0021873022167402667
9,How,0.0021278513945344486
10,s,0.0013290922252625016
11,of,0.0012252284228708448
