,term,net_val
0,stop,0.030148190794850024
1,Google,-0.024466157421660313
2,coronavirus,0.017986387344498915
3,Amazon,0.009623487508642949
4,figure,0.0082571152691351
5,misinformation,-0.003765438568371438
6,Facebook,-0.0022258085724148518
7,met,-0.0015155321836539078
8,WHO,0.00015738878470277103
9,more,-0.000149181784460065
10,to,0.00014468189096593866
11,how,0.00011537563957678343
12,and,6.220166451168001e-05
13,with,-5.846777798436201e-05
14,out,-2.5332867135212373e-05
