,term,net_val
0,19,-0.01941105612944122
1,COVID,-0.01934742368409897
2,case,-0.014721513358614954
3,new,-0.012380469385835905
4,Las,0.011989251259396186
5,Ontario,-0.008067447824149155
6,patient,0.005615210167539493
7,travelled,-0.004123224917484641
8,reports,0.001575228426345615
9,Vegas,0.0014760965463510042
10,to,-0.0004444675380758807
11,had,-1.951173002507033e-05
