,term,net_val
0,Oil,0.13050180675011389
1,phase,0.06294924570141952
2,guide,0.057819425347926126
3,Bank,0.05702302785043571
4,probably,0.05666733194553665
5,CarmichaelKevin,0.056070187004095544
6,writes,0.054514229624824634
7,prices,0.03738101413510216
8,Canada,-0.03697372826730031
9,coronavirus,-0.02465077691612739
10,crisis,0.02415272591634347
11,early,0.008320833343452093
12,through,0.004314119554849491
13,will,0.0023669820997011333
14,of,0.002027625503548435
15,the,0.0006639591555884985
