,term,net_val
0,Tom,0.1274535780398212
1,care,-0.10796375154029408
2,CoVid,0.09604477343911472
3,wife,0.09335723244921773
4,confirmed,-0.08700149486421359
5,Hanks,-0.05727116600163469
6,19,0.03338512796494118
7,his,0.0012946899465073262
8,be,-0.0006316401344373723
9,just,-0.0005623340991755195
10,of,0.0003982871771124985
11,have,-0.00026120553191258085
12,and,2.877935769329895e-05
