,term,net_val
0,borders,0.09449813121841541
1,kills,0.08423469448736594
2,60,0.07902915889100455
3,important,0.06405957511786174
4,people,0.0581885135977842
5,Boomers,0.05725551657151339
6,let,0.04954005533754058
7,close,-0.034601943300520244
8,Coronavirus,-0.013167647527681495
9,because,0.0008783827810571516
10,the,0.0005369220072670645
11,it,0.00011080508400534589
12,s,-0.00010189060073374255
13,is,5.897794526454863e-05
14,over,-3.258357192880903e-05
