,term,net_val
0,New,-0.043311634919935414
1,declares,-0.026130463578284722
2,York,-0.024359761611998793
3,emergency,-0.02026977192975528
4,hits,0.019866472156362953
5,19,0.018943137844678163
6,U,-0.01476336407699959
7,coronavirus,0.012070687560531985
8,S,-0.009588901865391686
9,toll,0.0044927662580242205
10,death,0.0030658118846809516
11,from,-0.002260565898051333
