,term,net_val
0,COVID,-0.10297622981135308
1,19,-0.10204252352926955
2,China,0.0405163435897584
3,ChangesfortheBetter,0.029660847867746132
4,Mitsubishi,0.028300875820161445
5,MitsubishiElectric,0.027360945556248458
6,Support,0.01872510702393148
7,Relief,0.01756643694672682
8,Coronavirus,0.010185165591885564
9,Efforts,0.0052498216197471885
10,to,0.0025779272299995774
11,in,-0.0003010398030992046
