,term,net_val
0,19,-0.08684163107597198
1,COVID,-0.08563042073244875
2,cases,-0.07967791908586223
3,cdnpoli,0.036041809984971
4,Trudeau,0.035723242678132136
5,increasing,-0.019541469681150704
6,announce,-0.01183914688380865
7,deal,-0.002123944853350506
8,number,0.0020605628009365187
9,to,-0.0012091864928503772
10,funding,-0.001094929860985359
11,with,0.0008036431265208412
12,of,-8.658769356427755e-05
