,term,net_val
0,China,0.05944164490295312
1,United,0.04431744509241268
2,suspends,-0.03934676322405791
3,U,-0.03736469548659455
4,Airlines,0.03613120257850817
5,spreads,-0.02086954368786611
6,reports,-0.018409943660676456
7,coronavirus,0.01663006416255077
8,S,-0.015302462583099474
9,David_Culver,0.008058411645425326
10,flights,-0.003912053370679506
11,some,0.001183367307320051
12,as,0.001122639961102484
13,and,-0.0008829393645083463
14,between,0.0002541061088454515
