,term,net_val
0,China,0.015541355379721575
1,cases,-0.015161384748219653
2,new,-0.013153220202831406
3,2,0.01004549125916191
4,coronavirus,0.008444408814103714
5,confirms,-0.005266489864479341
6,deal,0.0051049656761794
7,France,0.0024208517363022083
8,builds,0.002265558121064834
9,first,-0.0017861427856721793
10,hospital,0.0011953313042352958
11,outbreak,-0.0010118279296646496
12,as,-0.00012922097934153448
13,to,-0.00010747800685983852
14,with,-4.626628060605071e-05
