,term,net_val
0,19,-0.01814179166969941
1,COVID,-0.018129889828747463
2,Coronavirus,0.0070215652202372985
3,season,0.00501600387665858
4,positive,-0.003980278896923689
5,tests,0.003914851027921171
6,NBA,-0.0037495178947564065
7,Utah,-0.001940826406822426
8,player,-0.00192416954101399
9,suspends,-0.0013932199829980458
10,Jazz,-0.00024916558737319845
11,after,-6.331495016368537e-05
12,for,-3.349946256123598e-05
