,term,net_val
0,even,0.05478805022273922
1,shares,0.04000640497548486
2,signs,0.031974417823198875
3,coronavirus,0.019320792520176024
4,shows,0.013737664072524148
5,European,-0.010318539158688855
6,peaking,-0.010004486053266318
7,scale,-0.009931511774022817
8,record,0.0006757982191782886
9,of,0.0005426016388025125
10,no,-0.00027816070291053344
11,as,0.0002671999952883807
