,term,net_val
0,care,-0.04418738258504053
1,health,-0.037519511721875544
2,glad,-0.03229555750730533
3,spreads,-0.018906778657378623
4,coronavirus,0.014915223086322763
5,Canada,0.0028766836225043507
6,Opinion,0.0012692994907269406
7,in,-0.0007595275136631469
8,I,-0.0005737856151989704
9,universal,0.0004944540516693165
10,we,-0.00027644136287652065
11,m,0.00025970100459007695
12,have,-0.00015532443081525031
13,As,-9.261120810715775e-05
14,the,-1.158349643299799e-05
