,term,net_val
0,Pence,0.11714105471514323
1,emergency,-0.09982504616238937
2,Mike,0.07612290385523066
3,solution,0.06292280801452572
4,screwed,0.043595472769028976
5,praying,0.04211855033991364
6,coronavirus,-0.029859083901084493
7,team,-0.003674858446019153
8,for,-0.002051999315364083
9,and,-0.0013448553020089346
10,his,0.001087189559836483
11,We,0.000984447520475726
12,are,0.0006062665737252758
13,a,0.00024017179012706378
14,so,0.0001978662699836263
