,term,net_val
0,positive,-0.13152846573558102
1,Iran,0.13068468285625134
2,8,0.11845979150471284
3,Parliament,0.11231085242181611
4,parliament,0.11209303920537106
5,Speaker,0.07394910055386478
6,Deputy,0.0733230651238484
7,tested,-0.04921965682699369
8,says,0.044064277384460775
9,coronavirus,-0.012715077732867383
10,of,0.0027305356409205203
11,s,0.0016087772333628113
12,the,0.0014307946368327803
13,has,0.001283189179066055
14,for,0.00102642328830173
