,term,net_val
0,cases,-0.0041262327820638265
1,coronavirus,0.003916118172459044
2,New,-0.0034078266861252396
3,soar,0.002787065937196862
4,state,0.002280727596436052
5,declares,-0.0012210620387773212
6,76,0.0010848396051386649
7,York,-0.0010138076089499632
8,Cuomo,0.0007821619351647217
9,emergency,-0.000541774779618692
10,to,3.842864345455928e-05
11,in,-2.9881568708916034e-05
12,of,9.230490409964133e-06
13,as,-5.8805454663528776e-06
