,term,net_val
0,Government,0.02367448821654869
1,Coronavirus,0.01217574492932914
2,Combat,-0.011100034065646473
3,Billion,-0.009619420834123042
4,UPDATE,-0.007453327060382639
5,1,0.005570396250369105
6,Federal,-0.0031774537289632676
7,Spread,-0.00048489844991355416
8,Commits,-0.0003585797040625441
9,To,-0.0001927997637513588
10,of,-4.568253350946965e-05
