,term,net_val
0,despite,0.03789727097371191
1,hit,0.03182177570019457
2,sales,0.03179322918309853
3,coronavirus,0.019812885669707295
4,cloud,0.015058402018957518
5,tops,-0.008154084765137978
6,expectations,0.006000632597089461
7,forecast,0.005888912100180092
8,Nvidia,0.0058604181631767335
9,on,0.0006186260639863472
