,term,net_val
0,dog,0.060467163604679734
1,Lumberjack,0.04811356938594021
2,hipsters,0.04802917061859671
3,Swiss,0.047160033424815256
4,germs,0.046873107205164515
5,Enjoy,0.04613721488785991
6,fur,0.04584972663799
7,beards,0.045314799535883396
8,carry,0.04063402935869575
9,coronavirus,-0.024726066185443995
10,researchers,0.018976145393268112
11,according,-0.009955744607263284
12,to,0.0030035297791160555
13,more,0.0016192368487481694
14,than,0.0005091148034308163
