,term,net_val
0,Covid,-0.04938273949319848
1,19,-0.04929631208135538
2,advice,0.04264720182433975
3,case,-0.03926481896767545
4,Latest,0.01961610026764597
5,travel,-0.015592737264849511
6,Coronavirus,0.010968972366943084
7,hotel,0.007708923383786182
8,Spain,0.007312289587654302
9,Tenerife,0.007005236623576163
10,follows,-0.005652822412478264
11,Barcelona,0.003935920490882251
12,as,0.00047144364682503087
13,in,-0.00039973348858215454
