,term,net_val
0,COVID,-0.17419382430149588
1,19,-0.1726743077185444
2,American,0.1254137847626084
3,Google,-0.05284711298414286
4,employees,-0.04947348369684387
5,recommendation,-0.044192289823420765
6,fund,0.037899319108347894
7,home,-0.026351578435070452
8,establishes,-0.018603803577218022
9,North,-0.017007291525904
10,expands,-0.015006513812738579
11,work,-0.012658466925947673
12,from,0.0021744319114347446
13,to,-0.000750846216678987
14,all,-0.0005857347715859607
