,term,net_val
0,COVID,-0.11730858210589555
1,19,-0.1167356522459134
2,novel,-0.07007721499586579
3,Next,0.06113342051439242
4,positive,-0.05049098683234866
5,passenger,0.04320311984491655
6,workers,0.028028084364118713
7,stop,0.019215411147461336
8,coronavirus,0.012511340769636675
9,seek,0.012185045416808442
10,protection,0.010540946217460715
11,tests,-0.007110021569416494
12,Transit,0.003553583423307497
13,after,0.0016515317662619375
14,for,0.0002960669164649288
