,term,net_val
0,19,-0.14137447276374313
1,COVID,-0.13566238425649735
2,WATCH,0.10324549645595395
3,press,0.06622528922462756
4,address,0.0459801473725676
5,Park,0.04535768542353558
6,Queen,0.04313446853636747
7,Officials,-0.03381754565911585
8,conference,-0.028038188097535235
9,LIVE,0.004565723957097872
10,s,0.0014671265650392624
11,at,0.000986358686257575
