,term,net_val
0,19,-0.017078733894060918
1,COVID,-0.017040799531774193
2,Olympics,-0.0031755751948318606
3,Possibility,0.002911424663028918
4,spread,0.0018138485570938652
5,Tokyo,-0.0013234583867740416
6,postponed,0.0011713719770423724
7,BREAKING,0.0010133712827539922
8,prevent,-0.0007356962833161433
9,of,-8.962163738806154e-05
10,to,3.666469936274543e-05
