,term,net_val
0,media,0.05167511478530088
1,Coronavirus,0.022475779247930476
2,social,0.008177260232916714
3,misinformation,0.0066426113287811825
4,spreading,-0.0025131514047750294
5,over,0.0003318541824021191
6,all,0.0003314173561844163
7,is,0.0003229400511991921
