,term,net_val
0,Flu,0.19047196756134838
1,like,0.11754514533559898
2,People,0.06166106503092941
3,Death,-0.056805596109983286
4,Know,0.040704882353779344
5,Intelligent,0.028067604858565846
6,Oranges,0.026310855686479936
7,Ratio,0.0252557270545799
8,Coronavirus,-0.02031781078420519
9,Apples,-0.0201740285829522
10,that,0.0012947596713681773
11,and,0.0010041024613376016
12,Between,0.0006441874536628583
13,are,0.0006399929174678595
14,The,-0.0004947887767317115
15,the,-0.00010899911335542944
