,term,net_val
0,thoughts,0.07508377147987011
1,Really,0.04684913312908399
2,important,0.046844153709010725
3,one,0.04176368711399812
4,crisis,0.03496232484239235
5,never,0.030657236085626653
6,experienced,0.028416157205939027
7,coronavirus,-0.022207307788170875
8,doc,0.0029546878009989517
9,SARS,-0.0009323860369324017
10,the,0.0008106861362899498
11,for,0.0007770844584145137
12,has,0.0005643909745029691
13,who,0.0004426450454599523
14,from,-0.00026538180932036244
15,a,-0.00024701660765024297
