,term,net_val
0,infected,0.1289200042428025
1,Wuhan,0.1075665089239795
2,finds,0.09926002816533856
3,initial,0.07221666291789913
4,People,0.06167316341430107
5,study,0.04565744543578952
6,could,0.04324657836081025
7,know,0.04119141583931105
8,coronavirus,-0.020936415321522434
9,and,0.003290308520333052
10,be,0.00289341061684379
11,with,0.0014531913021057208
12,not,0.001303704566994433
