,term,net_val
0,19,-0.07148760926292286
1,COVID,-0.071076244818057
2,News,0.03673591163487087
3,camps,0.017035245923503018
4,Coronavirus,0.012994691135668741
5,break,-0.009985789600976928
6,March,-0.007507792538119876
7,Toronto,-0.004113328560838017
8,prepare,0.0014094718791041198
9,Global,0.0002135832143867679
10,for,0.0002118930488432187
