,term,net_val
0,blocked,0.16269608532851534
1,called,0.10987933125487401
2,Trump,0.09907982291696062
3,travel,-0.08776951046954246
4,prevent,-0.07373986562364604
5,spread,-0.0585981246973939
6,Chinese,0.05772652980369818
7,Chuck,0.051639411056686776
8,Schumer,0.05105645566210096
9,racist,0.035711903708046826
10,Coronavirus,-0.021990228539220533
11,of,-0.00073898701537947
12,the,0.0005785943743435021
13,it,0.0005519725492800109
14,to,0.0003648048835153673
15,When,9.851920157806163e-06
