,term,net_val
0,Trump,0.10091845757577683
1,government,0.04166139989036308
2,hosts,0.03410634992751756
3,reels,-0.018530872309641847
4,pandemic,0.018237066242129434
5,posing,-0.01803485515539371
6,hammered,-0.01787717787097121
7,golfing,-0.017555985694860488
8,pics,-0.01712298241914947
9,coronavirus,0.016344659688529026
10,CNN,-0.01579092221513064
11,for,0.0005749405898533227
12,as,-0.0003523867590036826
13,by,-0.00019551795750236625
14,and,0.0001087293903366072
15,from,6.736111556163563e-05
