,term,net_val
0,call,0.05514444012696875
1,FAKE,0.04750737736217892
2,hoax,0.038222001193582586
3,Coronavirus,-0.02379327363690753
4,ABC,0.018054942062287888
5,publishing,0.017849818802926402
6,realDonaldTrump,0.011904193501775857
7,News,0.0021988506120313297
8,NEWS,0.002042705647509112
9,DID,0.0008659680075502158
10,a,-0.0006434972483076116
11,is,-0.0003532269297147748
12,NOT,0.0002490670463703347
