,term,net_val
0,China,0.045089738540490615
1,clear,0.019783791974420335
2,Coronavirus,0.015587230562210525
3,show,0.010478404859031768
4,amid,-0.009516605530698554
5,slowdown,0.0025023135073558487
6,images,0.002377572876774522
7,pollution,0.00233774456316148
8,Nasa,0.0022387445086752195
9,COVID2019,0.0021788015057821867
