,term,net_val
0,Trump,0.12949494065848524
1,used,0.07980655450945563
2,disappointed,0.06794000151737482
3,Deeply,0.06709049657674082
4,Rivera,0.0669536333077306
5,Geraldo,0.06655707437113109
6,ridicule,0.06650802554007729
7,FoxNews,0.051867476656937646
8,left,0.05186010284280541
9,coronavirus,-0.017917740622474924
10,that,0.002429329099639889
11,the,-0.0011021857549667025
12,has,0.00019412350762353342
13,to,0.00012849413459550555
