,term,net_val
0,Communist,0.074646540862999
1,lying,0.04972165223965697
2,extent,0.03975875497085424
3,internation,0.03951745928857026
4,outbreak,-0.03658667800050824
5,clean,0.024669070764504007
6,come,0.01720275273077616
7,true,0.013467910789457837
8,Coronavirus,-0.012908375986065873
9,China,0.005878407732374038
10,of,0.001664728479993346
11,doesn,0.0013829474464460533
12,t,0.001315397482505369
13,about,-0.0010235050581025673
14,If,0.0007101120606236787
15,is,-0.00046099383719218676
