,term,net_val
0,19,-0.09362942216817005
1,COVID,-0.09289464903642937
2,American,0.08966385928580428
3,000,-0.03661156737808589
4,friends,0.00967422182568676
5,Cost,-0.0037206630361656537
6,3,-0.0025031490745174557
7,Don,0.0020141715363801694
8,Over,0.0015076749086367091
9,t,0.0005164358873587864
10,Tests,0.00018603614699553095
