,term,net_val
0,19,-0.20819109490622126
1,COVID,-0.19781944060738244
2,much,0.17307365014124765
3,without,0.08584535892897541
4,kids,0.07600163505686183
5,talk,0.056744114761978735
6,scaring,0.02142564166718994
7,too,0.006017220817521192
8,to,0.004142426060506668
9,do,-0.0018882328266808465
10,them,-0.0018846555791261705
11,you,0.0018319114576834513
12,your,0.00181358713663706
13,about,-0.0009645438803013881
14,How,-0.00044575252906324796
