,term,net_val
0,Sets,0.04347155194739136
1,Plan,0.027630770147182664
2,Coronavirus,0.02315278140435541
3,Battle,0.019007305343530935
4,Facebook,0.006160725647312111
5,Misinformation,0.004813008988783635
6,Out,0.0006717651284444101
