,term,net_val
0,opens,0.07330143406772857
1,China,0.0565546701180756
2,impact,0.021251101255813008
3,coronavirus,0.018890248967247884
4,stem,-0.003547627367768291
5,intraday,-0.0035248047029497885
6,Nasdaq,-0.0035007917394089517
7,aims,-0.0034578909806367215
8,record,-0.0014512012172601446
9,as,0.0011020290584016525
10,to,0.0004640277384734476
11,at,0.00015990120361983402
