,term,net_val
0,lies,0.11019155492715296
1,Pence,0.09874933275153323
2,kits,0.06687347470850563
3,feedly,0.062331687719860876
4,mustread,0.0622877477280843
5,caught,0.06211374553499154
6,covering,0.05872010782430049
7,test,-0.035702121642303394
8,https,0.026085338350428273
9,coronavirus,-0.01961921719368275
10,ghctYmKA36,0.012003978755363725
11,co,0.00943155050215703
12,t,0.009197981731965288
13,insurance,0.005738587127892927
14,about,0.0027280020474048676
15,in,0.0012292727220564116
