,term,net_val
0,COVID,-0.042569676679837076
1,19,-0.04234146735615978
2,Book,0.029180464656127156
3,potential,0.017660526384033617
4,coronavirus,0.01201255155893498
5,Canceled,-0.009308902888890191
6,concerns,-0.003500620468053155
7,Citing,0.002425981088704824
8,London,-0.0022690460181346303
9,Fair,0.0016848313327369462
10,the,0.0006336337714977488
11,spread,0.0004668488691113382
12,about,-0.00038173639771388535
13,of,-5.50214528798339e-05
