,term,net_val
0,coronavirus,0.013325654246355878
1,Facebook,0.00745437388266416
2,F8,0.006047172174496747
3,developers,0.00604384770507923
4,cancels,-0.004165853935557956
5,conference,0.0010672108782165551
6,over,0.00020677565376576009
