,term,net_val
0,Wanna,0.07078224642952076
1,eating,0.05990945808869594
2,barbaric,0.050233203511162054
3,Chinese,0.048539797545924704
4,Sickening,0.047869193239598054
5,WuhanSARS,0.04691023791358628
6,ChinaVirus,0.04650807124133832
7,animals,0.04543858465138789
8,see,0.04357882614354922
9,coronavirus,-0.018665681656898567
10,some,0.0030372019439613433
11,more,0.0010059624050239961
