,term,net_val
0,pet,0.12706124323130058
1,dog,0.11238632528284168
2,finds,0.09048752194471729
3,transmitted,0.06723919515649279
4,samples,0.062047869133538734
5,illness,-0.03865647947540084
6,coronavirus,-0.023670626577043854
7,Hong,-0.013796406185114189
8,Kong,-0.012597634115200524
9,a,0.0020538365493114868
10,in,-0.0014130557927664914
11,from,-0.0012927874913093045
12,to,0.0007340728542610867
13,Can,0.00040099603213662234
14,the,-8.237529324247981e-05
15,be,-7.638728245153013e-07
