,term,net_val
0,COVID,-0.04148211254867849
1,19,-0.04141928802713048
2,Novel,-0.0205994615030669
3,Experts,0.018808684678696175
4,According,0.014673010932823007
5,Commute,0.011510757613822194
6,Travel,-0.01073641608521455
7,Coronavirus,0.010513772130651178
8,Outbreak,-0.0059819922132279225
9,Amid,-0.0007608767904776648
10,the,0.00039942382156188156
11,and,-0.00027211574682503586
12,to,0.00017927070325996975
13,How,6.599872952728017e-05
