,term,net_val
0,19,-0.02742576390138462
1,COVID,-0.027099566490815248
2,cases,-0.020050903344835454
3,new,-0.018131212146604896
4,Ontario,-0.01222359118037982
5,Coronavirus,0.007366815574173091
6,total,-0.005062443421922193
7,bringing,0.003449264644816761
8,18,-0.001718730104158126
9,to,-0.0006324290214926949
10,GTA,0.000579813816099853
11,in,0.00025284877597597826
12,Three,6.943569194478617e-05
13,Toronto,6.582792364096402e-05
14,of,5.829577869994681e-05
