,term,net_val
0,lied,0.09045866883916485
1,lie,0.03131899194198592
2,global,-0.017556212102542587
3,Ego,0.016383222556711416
4,USSR,0.014323593556242605
5,Fukushima,0.012432496878630685
6,Chernobyl,0.011807173406785972
7,Coronavirus,-0.010687078942638982
8,2,0.009848334850069168
9,Japan,-0.00975276507977996
10,China,0.00181624072606093
11,Countries,-0.0013985634873332933
12,about,-0.00048232675103383694
13,has,-0.0003599359607806341
14,1,-0.00023679932182371727
