,term,net_val
0,Public,0.041359815944130365
1,hotline,0.038629984900219884
2,sets,0.03700619338539222
3,coronavirus,0.01965655485931772
4,Health,-0.018890149583546324
5,outbreak,-0.014529242234705217
6,amid,-0.00433181721510413
7,Toronto,-0.002278860686116409
8,up,-0.00020698220042996923
