,term,net_val
0,personal,0.07152883170374548
1,player,-0.06574010576034592
2,positive,-0.06501873574211844
3,jazz,-0.038204078454508635
4,coronavirus,0.01976665515310875
5,Mitchel,0.01858301331830748
6,Donovan,0.01827843626654365
7,test,-0.0036066841475990035
8,for,0.0008097000106244263
9,was,-0.0006452669781697598
10,only,0.00023871199975118834
11,to,-0.00023146415297846103
12,the,3.5727686303549736e-05
