,term,net_val
0,case,-0.08355338535206011
1,California,0.04765821241483469
2,washingtonpost,0.035899726054639605
3,Northern,0.03559145223952145
4,origin,0.0317608371508173
5,First,-0.025571358747270064
6,confirmed,-0.02429238285294614
7,unknown,0.022265070665342262
8,S,-0.016471534075602857
9,BREAKING,-0.016261921324195093
10,U,-0.014850152221142008
11,coronavirus,0.014205589094124947
12,of,-0.003070795645965593
13,in,-0.0019679277002486346
14,from,0.0012535099467531445
