,term,net_val
0,Trump,0.06833097584050656
1,Like,0.036802695204164224
2,Childish,0.03116448781767645
3,Meet,0.030945454675412404
4,Coronavirus,-0.028796471024881476
5,Pelosi,0.0162377975235531
6,Doesn,0.0019282744721288885
7,Won,0.0017614812041771791
8,On,0.0011257997853293983
9,Because,-0.0005424346317098252
10,With,0.0005093040443079798
11,Her,0.00017233680859316057
12,He,1.6959681579060465e-05
13,t,-4.951139174768716e-06
