,term,net_val
0,Italy,0.018821010866992505
1,travel,-0.01716016831089597
2,Apple,0.016562447673317684
3,coronavirus,0.016534622591035
4,Korea,-0.014883886201180396
5,restricts,0.0059108320261594795
6,employee,-0.005693651728359111
7,to,0.0002763872652920579
8,over,0.0002054910019521632
