,term,net_val
0,000,-0.04896209392844283
1,10,0.036935781287464074
2,times,-0.013836894663236758
3,coronavirus,0.013593941222797685
4,Outbreak,-0.010415247132936236
5,faster,-0.010410535269538557
6,spreading,-0.004177833592293284
7,idiocy,0.0027106921737668588
8,coronovirus,0.0024055774826630925
9,Report,-0.0023080583787586087
10,of,0.0011947272994743121
11,than,-0.000243920002706273
