,term,net_val
0,China,0.042580198870701566
1,Air,0.03678218940263626
2,Cancels,-0.02019593544532603
3,Coronavirus,0.01818673365408504
4,Greece,0.01473618665771481
5,Outbreak,-0.012244324391928218
6,Flights,0.005525449307214042
7,Amid,-0.003550124724594463
8,to,0.00033709671670006773
9,All,0.00014428329848140194
