,term,net_val
0,case,-0.027418373689092123
1,New,-0.024493115851802243
2,presumptive,0.02318609853126725
3,say,0.0209358635188661
4,novel,-0.017825657962375778
5,coronavirus,0.010875206767648323
6,health,-0.005804505483054859
7,officials,-0.0032566182965522135
8,Toronto,0.0006619683873928352
9,of,0.0006467703387074826
10,in,-0.00044305019433772
