,term,net_val
0,Americans,0.06340618944659891
1,Canadians,-0.048700064072497086
2,infected,0.04280084382648889
3,home,-0.040685697138856516
4,land,0.03860999245032409
5,repatriation,0.03813344248110099
6,await,0.034946572745325775
7,coronavirus,0.02325985010647803
8,hit,-0.009618112719894677
9,ship,-0.007424138804122316
10,cruise,0.007284933899863284
11,32,-0.004288071720414887
12,as,0.00017011317810566
13,on,-8.625776688197311e-05
