,term,net_val
0,infected,0.09986201535727607
1,company,0.07008365281474424
2,British,-0.06312010292716086
3,people,0.044675698859980406
4,offering,0.030642048217273118
5,takers,0.03043199900488987
6,4600,0.03039927434073196
7,coronavirus,-0.02444726650245357
8,pay,-0.021685096896686
9,get,0.011457214862074615
10,is,0.0010687701153392348
11,to,0.0009470345809064884
12,with,-0.0005209847143983847
13,Any,-1.608054167146892e-05
