,term,net_val
0,St,-0.04594297021695737
1,19,-0.03958152298353343
2,COVID,-0.038555146342623706
3,News,0.02128523970356119
4,Novel,-0.01992529836711761
5,Coronavirus,0.007998450134598451
6,Update,-0.007953636126415892
7,School,-0.002107255466273865
8,Anthony,-0.001868753390108876
9,on,-0.0007313658496196185
10,the,-0.00042882280660861457
