,term,net_val
0,markets,0.24284931917850688
1,Stock,0.16509999979627205
2,infected,0.16271027044025593
3,fear,-0.14818857127228025
4,economy,0.1232553855947027
5,sell,0.06250289592971792
6,global,-0.05375150354582103
7,coronavirus,-0.00926693309575381
8,by,0.002266886067739153
9,off,0.002259969307742837
10,as,-0.0015386402716360931
11,again,-7.086117760542127e-05
