,term,net_val
0,Wuhan,0.13819084521736022
1,Seattle,0.10804705431159829
2,near,0.08293019096728382
3,robot,0.08281962927767139
4,largely,0.08245197285749674
5,diagnosed,0.08026197450923338
6,treated,0.07860045752090346
7,man,0.018164837878038187
8,coronavirus,-0.012729500778079827
9,A,0.0027581708554250337
10,a,0.0022791064402753808
11,with,0.0013489760862272695
12,is,0.0012240195830121629
13,being,0.0010127897625447331
14,by,0.0002896145783278475
