,term,net_val
0,Watch,0.12783782230003243
1,Trying,0.08098792196806816
2,Points,0.05873710461632602
3,Panic,-0.05138421979984939
4,CNN,-0.049770944785987606
5,Talking,0.04856666142892375
6,PresidentTrump,0.047094689848457424
7,Deliberately,0.031112114975618794
8,Incite,0.028087929595079407
9,Plan,0.009983807036410892
10,CoronaVirus,0.002637426795969686
11,With,0.001158625094050965
12,Been,0.0008493063132949259
13,To,0.0008033738721452784
14,No,0.0005692141730582898
15,Has,-0.00027808372447489
