,term,net_val
0,says,0.0354830987419132
1,minister,0.03380030407111359
2,positive,-0.02553316061701516
3,coronavirus,0.017585840366144887
4,Health,-0.014940185358741214
5,isolating,-0.010886267651624548
6,self,-0.010641912849736422
7,Dorries,0.005675901796805453
8,Nadine,0.004942422536842421
9,tested,0.0043112765875335714
10,for,-0.0007747544400803945
11,is,-0.0006147990128757597
12,she,-0.0005852519086595459
13,has,0.0003261663748872864
14,and,0.00012982536186439272
