,term,net_val
0,19,-0.10203032743521115
1,COVID,-0.10057989637157096
2,warns,0.07685195322057482
3,cruise,0.04660056413374603
4,travelling,-0.035844928528034066
5,ships,0.033577737488868484
6,doc,0.030968352210907626
7,Top,-0.010453358095814337
8,CANADA,0.002918705639458293
9,over,0.0015888684196147145
10,on,0.0008213633456607163
11,against,0.0003101557841538585
