,term,net_val
0,19,-0.08326536364148689
1,COVID,-0.08264031476432587
2,rests,-0.023728202869717215
3,Google,-0.01766839112141967
4,coronavirus,0.015259503116652038
5,effort,0.007668339806963627
6,DeepMind,-0.005310592876042966
7,giants,-0.004669657464206904
8,shoulders,-0.00394022056593129
9,on,0.0003201226211692903
10,s,0.00020171879613495352
11,the,0.00016578659908616676
12,of,-7.765817194731815e-05
