,term,net_val
0,scared,0.026943534576450105
1,customers,0.0186817998093956
2,Coronavirus,0.01746896096458574
3,scare,0.016187702237587608
4,Vancouver,-0.01376863928293603
5,restaurants,0.004309771132591334
6,busy,0.004181374351725221
7,Awesome,0.004069642078891141
8,Richmond,0.004064739563677394
9,usually,0.004017748511167846
10,has,0.0002991786720893424
11,of,0.000277690959691298
12,Is,0.00014624532941557463
13,out,5.1756556759697186e-06
