,term,net_val
0,Ontario,-0.047022267477585825
1,covid19,-0.03758269419304166
2,Break,-0.01611462029768217
3,BREAKING,-0.016064869146551718
4,ordered,0.015159895766925696
5,March,-0.013590986596824296
6,cdnhealth,0.012943800963000775
7,schools,-0.010705839790032543
8,coronavirus,0.0099166555440977
9,closed,0.002569227230957094
10,after,-7.810556480854334e-05
