,term,net_val
0,NEW,-0.08046589080662109
1,year,-0.06493286202146602
2,old,0.03444490506917596
3,5th,0.028846179051488927
4,man,0.02788100663901745
5,Italy,0.01778357142428461
6,coronavirus,0.01700613538653161
7,88,0.012408872773500829
8,reports,-0.011277121771890618
9,death,-0.002312055774981055
10,from,0.0007362069107840524
11,an,-0.00034808009707411504
