,term,net_val
0,to,-0.1553323335438597
1,new,-0.11012023160772699
2,Chinese,0.08976275306950611
3,human,0.05386879745063957
4,Human,0.05293694625859882
5,says,0.04926671723267525
6,confirmed,-0.039178679700530884
7,official,-0.0366947163927542
8,coronavirus,0.016057146911055722
9,transmission,0.014289179273324801
10,of,0.0005356378952913726
