,term,net_val
0,coronavirus,0.006232194011023921
1,Six,-0.005067915713938227
2,deaths,0.00374630616024684
3,declares,-0.003490569171671115
4,Washington,-0.0022038574666579237
5,emergency,-0.0021114043550914522
6,County,-0.0011167059583006044
7,state,0.0011013563727448636
8,King,-0.0010895079539105798
9,PublicHealth,0.0003839523334170225
10,in,-5.011462391604651e-05
