,term,net_val
0,researchers,0.06152757953164991
1,learned,0.04807570502456136
2,severity,0.026312794211952373
3,coronavirus,0.025945945516991073
4,spread,-0.010915197682915536
5,of,0.0003293122606208691
6,the,0.00024969791057675896
7,What,0.0002378993539043841
8,have,0.00020617054189238785
9,and,-0.00017811209855825142
10,about,5.653072881512904e-05
