,term,net_val
0,New,-0.09218442422229026
1,N,-0.06389127761862365
2,York,-0.056554544142625666
3,Times,-0.037947925018410274
4,Attacks,0.03727279094737393
5,Cuomo,-0.03318511568457123
6,C,0.02950917847499113
7,D,0.025591201182456856
8,Y,0.020016430984514454
9,Coronavirus,0.011751868459758725
10,Testing,-0.008135972913957698
11,Delays,0.0014954120803624914
12,in,-0.001396908983267112
13,The,0.0011823698869515334
14,Over,-0.0011266488661816414
