,term,net_val
0,REAL,0.15127607691639208
1,MARKET,0.0941611975035858
2,FAKE,0.08798229699948121
3,REEEEEEEEEEEEEEEEE,0.06391657457888975
4,STOCK,0.060622197114207535
5,T,0.0446459629479035
6,ECONOMY,0.041677357177523404
7,ISN,0.03945332071483517
8,CORONAVIRUS,-0.01992708472483447
9,NEWS,0.01604982965400486
10,THE,0.0063806247955509494
