,term,net_val
0,19,-0.06053145755793049
1,COVID,-0.05982528283786268
2,cold,0.042701023133895184
3,tell,0.02515302359504917
4,How,0.002990004746652222
5,is,0.0028206029709897384
6,to,0.0016225181614577247
7,a,0.0013178824229969214
8,if,0.0002200566850002633
