,term,net_val
0,19,-0.13498469009890476
1,COVID,-0.13334290847958916
2,answered,0.0870900941437501
3,questions,0.025601341096339773
4,travel,0.02360011871969045
5,related,0.022124774825678564
6,Your,0.007856781457706586
