,term,net_val
0,Trump,0.15065172743165695
1,problem,0.042866719612994306
2,Coronavirus,0.013317801022700268
3,anything,0.01313068454658663
4,else,-0.012292876956237889
5,faced,0.0060917868509288205
6,Moronavirus,0.0021996123605905853
7,unlike,0.001841923797517135
8,A,0.0011092823443009702
9,has,0.0005474415159650785
