,term,net_val
0,new,-0.06957513635004473
1,YA,0.02082218293422127
2,THINK,0.020698653953733995
3,claiming,0.018014516383041402
4,coronavirus,-0.01622825990540262
5,symptoms,-0.015602872400130006
6,without,0.012528610179219052
7,transmitted,0.010743547971580279
8,people,0.0068069970556707445
9,flawed,0.004760551114190737
10,Study,0.002461434040358056
11,was,0.0002759367494477626
12,by,0.00022481616574664996
13,be,0.0001815241962830547
14,can,0.00016222221962627163
