,term,net_val
0,COVID,-0.061533891929154004
1,19,-0.061511145329256174
2,NEGATIVE,0.04057934739077956
3,McMaster,0.017120171272516325
4,student,0.01708070258593241
5,tests,0.007378802567490851
6,for,0.003783643432137351
