,term,net_val
0,Flu,0.04742546603521136
1,fake,0.04400796582694302
2,Bird,0.04134808991413018
3,originated,0.028461355889347513
4,Coronavirus,-0.019656172189105314
5,amp,0.012916003903392632
6,SARS,-0.0116923269892643
7,China,0.0043987213628906095
8,news,0.0030226442220425086
9,Not,0.0007507155083213908
10,in,0.0006046110301829914
