,term,net_val
0,diagnosed,0.05220293684203057
1,man,0.031890950586391686
2,coronavirus,0.02103486854813329
3,Sudbury,0.013398828357213344
4,conference,-0.011731847306049738
5,attending,0.005445534060566966
6,Toronto,-0.0024503751602654306
7,with,0.0006766033697307016
8,after,0.000259457910178757
