,term,net_val
0,Release,0.057756176341944444
1,Die,0.0453074886715676
2,News,0.04450269367496327
3,fears,-0.040323324144218076
4,Time,-0.027866201080415397
5,BBC,0.018709102037126158
6,coronavirus,0.014133380059094997
7,amid,-0.01182866448535643
8,delayed,-0.01024921303406924
9,James,-0.010048614403507695
10,Bond,-0.009674906321169123
11,film,-0.009633307441975025
12,To,-0.0005401343631529054
13,No,0.0005323018775411846
14,of,-0.000175556282662782
