,term,net_val
0,World,0.030696226459408657
1,declares,-0.023135841431503303
2,Organization,0.017940394535688676
3,pandemic,0.017225300946732847
4,coronavirus,0.016234707713615994
5,officially,0.014419597102387868
6,Health,-0.010276224325998647
7,outbreak,-0.006370279008897716
8,the,0.0007731473449436174
9,a,0.00013665879802984493
10,The,3.533035078736946e-06
