,term,net_val
0,New,-0.10238055140509916
1,Talks,0.03881746490779714
2,HRblog,0.034944230727227674
3,emplaw,0.03472349112728716
4,HRlaw,0.034640431429058816
5,FR,0.03460929474943406
6,HR,0.03459393830457337
7,employers,0.03453058883190334
8,means,-0.009609962849044423
9,Coronavirus,0.007385817653354945
10,Canadian,0.00670620344978018
11,for,0.0004759458491969558
12,What,-0.00013347507859061262
13,the,0.00011094772356100368
