,term,net_val
0,systems,-0.022002675181254334
1,response,0.01959450575704588
2,coronavirus,0.015400633081708406
3,Mississauga,0.012847150071107368
4,transit,0.012293922802810334
5,cleaning,0.01183575484715543
6,Brampton,0.009560575170283374
7,step,-0.00704092007558342
8,in,0.00025863436069481233
9,up,0.00019138277104383054
10,and,0.00017853270503605514
11,to,8.73838411400505e-05
