,term,net_val
0,case,-0.11857650828620636
1,doctor,0.0822192754052394
2,COVID19,-0.06539526629329293
3,Halton,0.04477299456415986
4,first,-0.0425613440029268
5,coronavirus,0.013291251732418569
6,has,-0.0010303705083024378
7,JUST,-0.0008963771906429348
8,a,0.000767932056805913
9,IN,-0.0007609432629407855
10,it,0.0005526423968422025
11,its,0.0004846344719907097
12,and,0.0004077918273755186
13,s,0.0002441726710207979
14,THIS,-0.0001825658701069888
