,term,net_val
0,19,-0.20159013852398416
1,COVID,-0.19906911335506192
2,DISCUSSES,0.14926132351392585
3,COMING,0.11404023154615797
4,TRUDEAU,0.05246732057961825
5,MINISTER,0.050543573952921556
6,PRIME,0.035129758220166
7,ECONOMIC,0.029124975758647118
8,PLAN,0.01926145363012257
9,JUSTIN,0.005325367215634126
10,UP,0.001962558218010727
