,term,net_val
0,19,-0.14484598216330047
1,Covid,-0.14211472299205058
2,Health,-0.050596825854699656
3,World,0.04351739768511741
4,interest,0.03134614080923844
5,comparing,0.031067448476540627
6,data,0.026276825532455615
7,diseases,-0.024088964554675806
8,comparative,0.01501479976438924
9,Source,0.014915095945569562
10,infectious,0.014236141222990484
11,Organization,0.011010130565761915
12,Very,0.001228007712961609
13,to,0.0009948477407331067
14,other,0.00024745371895543194
