,term,net_val
0,19,-0.2213440955677084
1,COVID,-0.21672627226563426
2,information,0.14079071336767396
3,RT,0.12548592567043268
4,please,0.05694100453237444
5,read,0.02825333343213856
6,source,0.020165368642003974
7,best,0.007946659391128928
8,of,0.00457240950409866
9,during,0.003560937620505762
10,and,0.0005130968840731146
11,Your,-7.933262252252103e-05
