,term,net_val
0,19,-0.03138627203130243
1,COVID,-0.030542498180154788
2,may,0.0264059877947738
3,Olympics,-0.008539178956130527
4,due,-0.006313811494133811
5,risk,0.005722415173843608
6,Tokyo2020,-0.0018575785911144713
7,The,0.0009152416247181711
8,be,0.0006844446393131297
9,to,-0.0006355889637165791
10,at,0.00020803899526799117
