,term,net_val
0,19,-0.004288352315216433
1,COVID,-0.004118702196019035
2,cases,-0.0022107726243344753
3,new,-0.0018636646830446466
4,reports,0.001271368876189174
5,Ontario,-0.001017845844317489
6,four,0.0002679990155918855
7,of,-0.00011518244437990201
