,term,net_val
0,suggests,0.12283944202216857
1,everyone,0.10521216876531972
2,would,0.08536752743673509
3,RickSantelli,0.07860741304137361
4,infected,0.07347150365775212
5,better,0.05657427650743427
6,let,0.02405631185082357
7,Coronavirus,-0.02272663391710944
8,2,-0.009275286373364822
9,get,0.0025087956566531007
10,so,0.0021835817575928396
11,be,0.0016201294195366395
12,that,0.0015602536423118421
13,with,0.0004753527564494239
14,it,0.0004521354721582668
15,to,9.36811609795449e-05
