,term,net_val
0,refuse,0.11993676728804742
1,likely,0.07858312098418764
2,Florida,0.07081611510728371
3,test,-0.05141938465157468
4,Doctors,0.049751376798131325
5,coronavirus,-0.02902408571795784
6,woman,-0.01761700491289894
7,tell,-0.01577722259491982
8,for,0.0019312105872601672
9,but,0.0009449004952545874
10,has,-0.0006549987652048073
11,it,-0.0004921152598962752
12,she,0.0004885516343416799
13,her,0.0003502652369463022
14,to,0.0001553009425569704
