,term,net_val
0,emergency,-0.06671753884479024
1,public,0.05161138953248396
2,health,-0.04874122791815454
3,concern,-0.03674655137355914
4,international,-0.027971791866334052
5,afternoon,0.014999431350555174
6,coronavirus,0.014008162429279604
7,declared,0.007293258166164033
8,WHO,-0.00034697938838303664
9,This,-0.00032714596904940174
10,a,-0.00023533905165624004
11,of,5.701327695208392e-05
