,term,net_val
0,COVID,-0.017549021133110295
1,19,-0.017491724242416892
2,case,-0.012336909082185507
3,Coronavirus,0.00708377251752642
4,Sudbury,0.0055925477184681285
5,First,-0.00132006030998351
6,update,-0.0012150905645031372
7,in,-0.00034328951572948287
8,of,-0.00018149307433357607
9,confirmed,-0.00011581407492739156
