,term,net_val
0,Republic,0.08500956394613467
1,Coronavirus,0.019845078547207
2,days,0.012617450006139935
3,School,-0.010121759067953812
4,closed,0.008790084221518902
5,14,0.008223016023965768
6,Ireland,-0.005402862900016263
7,of,0.0004854291944684105
8,for,0.0004493595833644533
9,in,0.00040243909682025785
