,term,net_val
0,Covid,-0.18406927373680657
1,19,-0.18215927208549457
2,New,-0.1441391009723662
3,chance,0.12353568011462658
4,Scientist,0.10061761720207701
5,already,0.09481454873341802
6,may,0.09142300471234233
7,contain,0.06843851082604241
8,SmartNews,0.028762641044906178
9,be,0.00578942737895289
10,coronavirus,0.0044124458459324604
11,to,-0.0032266448108476528
12,over,0.0030864997905438382
13,Our,0.0008644029019575051
14,the,0.000328819005552619
