,term,net_val
0,FAKE,0.2585190301560539
1,NEWS,0.12181937563159502
2,coronavirus,0.018000446148613427
3,is,-0.003871041918213021
