,term,net_val
0,shit,0.12696957369894193
1,eating,0.11255849634054481
2,like,0.1093750327960931
3,coming,0.10126371570263572
4,wondering,0.08146101150841542
5,people,0.05279778132130323
6,People,0.051888845207969436
7,China,0.0456995276023881
8,Coronavirus,-0.019276722523370527
9,from,0.004565820537792641
10,is,0.002620618279511588
11,where,0.001373335025836535
12,the,-0.0007934535600616764
13,this,0.0005863058292522115
14,and,0.000556298672875568
15,in,0.0002196739206733292
