,term,net_val
0,News,0.04831174027605479
1,suspend,-0.025051054035001675
2,outbreak,-0.023545243595411606
3,BBC,0.020849785520261933
4,Italy,0.01934964708399341
5,Coronavirus,0.016596815744247966
6,amid,-0.011867865322769337
7,mortgage,0.009789770100676212
8,payments,0.009581049566702289
9,to,0.00046873754948807315
