,term,net_val
0,Manufacturing,0.05458758252449508
1,Supplies,0.036524759516459
2,Medicine,0.033180865261664375
3,Depending,0.03283323373728955
4,Stupidity,0.03130945197579205
5,Pure,0.030872645612147916
6,Hell,0.02416766599231265
7,Coronavirus,-0.02362395650093072
8,Medical,0.019239669483972658
9,China,0.009012442779994159
10,OR,0.0018386757998744316
11,on,0.0009862052458664533
12,is,0.0007140337968255641
13,for,1.2413804943426886e-05
