,term,net_val
0,50s,0.06427426028399115
1,case,-0.0637730513706076
2,Iran,0.06073469274041589
3,Ontario,-0.039547891920797995
4,man,0.02578284593649603
5,traveled,-0.025773323934813082
6,confirmed,-0.016012095407270006
7,coronavirus,0.015663046170189387
8,seventh,0.011160949899942627
9,in,0.00184179825048613
10,his,-0.001397580555031417
11,is,0.001142177491253584
12,s,-0.0009979529544583113
13,who,0.0005947166739039569
14,to,-0.0005013224002740718
15,A,-0.0001540208044469136
