,term,net_val
0,case,-0.07477679559220654
1,Iran,0.06890025355154021
2,onpoli,0.055927657067225314
3,Ontario,-0.04886583660291685
4,7th,0.03529927223494817
5,traveled,-0.030850543896775766
6,man,0.02658048510586409
7,coronavirus,0.015725540393541657
8,reported,-0.007672115051428423
9,s,-0.0006325576948328845
10,of,0.0005247135840003673
11,to,-0.0005086386805557455
12,who,-0.0005024887574067142
13,in,-0.0003542526721862817
