,term,net_val
0,called,0.15288853042145448
1,fears,-0.07211667504231882
2,World,0.06059459352285029
3,coronavirus,0.018462611940355554
4,Congress,-0.0116195063174982
5,Mobile,0.011397392630096185
6,off,0.0009530909788284314
7,Barcelona,-0.000856843786340622
8,over,0.0007660432895558458
9,in,-0.0007124684955515447
