,term,net_val
0,COVID,-0.029079636647783
1,19,-0.028804543466478108
2,New,-0.01728978962779684
3,avoid,0.01634767615633944
4,2,0.011496594935471645
5,ordered,0.011160101628816085
6,outbreak,-0.0020617415110962592
7,weeks,0.0019284403933967032
8,travellers,0.001486466500069312
9,Brunswick,0.0011503472479138979
10,schools,0.0011079493871556285
11,amid,0.0009197639997837632
12,International,0.0004735226667821246
13,to,-0.00019981136685973239
14,for,-0.00013634560165531824
