,term,net_val
0,COVID,-0.1956546290324876
1,19,-0.19428667153994367
2,4,-0.06964869044608608
3,know,0.051886785125345704
4,Mortality,-0.03794956463908702
5,worldwide,0.03720902208618731
6,everything,0.03353200090820097
7,rate,-0.03331914080038005
8,3,-0.03073383995731991
9,we,-0.0037358141752365194
10,is,-0.0030701808285492245
11,about,0.0028204947215292814
12,of,-0.002574596578981961
13,coronavirus,0.002091410065978934
14,Here,0.0013020240965974869
15,s,-4.747325961133101e-05
