,term,net_val
0,last,0.04748875196479116
1,East,0.04586253177170704
2,one,0.04512236189704075
3,Middle,0.04480627546028248
4,next,0.03454947506804665
5,current,0.02645580844711317
6,coronavirus,-0.019076031747836227
7,China,0.017717450748138696
8,could,0.013161513790490902
9,MERS,0.011666091234652605
10,start,0.0017535540389839721
11,started,0.0012107923625982275
12,The,0.000842976083283611
13,on,0.0005998600096557014
14,in,0.00024181767066143515
15,the,0.00015041551160166597
