,term,net_val
0,COVID,-0.026142710022571305
1,19,-0.026102128972695864
2,closing,0.011656972867717497
3,Ontario,-0.010441084481738052
4,coronavirus,0.009035852941587324
5,due,-0.0038994551613505952
6,schools,0.002183412322229738
7,to,-0.00020177433573795927
8,BREAKING,0.00016058696481255886
