,term,net_val
0,19,-0.03720893442010844
1,COVID,-0.03611280286516928
2,Ontario,-0.01733224259270462
3,term,-0.016293995696882013
4,long,-0.01622879552870959
5,tells,0.014019489404309233
6,staff,0.011459926217666287
7,care,-0.008740209047253769
8,residents,0.0034695192938833806
9,homes,0.002847108168331002
10,screen,-0.0021784667682526954
11,visitors,-0.0018913700735833062
12,to,-0.000614000866238485
13,and,0.0005214918873498994
14,for,-0.0003262080946398949
15,all,-0.0001895812006412244
