,term,net_val
0,COVID,-0.2543086718904365
1,19,-0.25389354283087445
2,Trump,0.22778682358305502
3,Administration,0.16020731300947322
4,strategy,0.07353078713769075
5,SRuhle,0.07169383485275939
6,The,0.019881785913989865
7,on,0.008824588674645696
