,term,net_val
0,cases,-0.09294098312491077
1,New,-0.08324965859581392
2,US,0.06036550422434903
3,California,0.053552029418019384
4,origin,0.03562353229341616
5,third,0.025647461482601278
6,Oregon,0.024589784847018317
7,unknown,0.024050053962995678
8,CNN,-0.01671671993634698
9,coronavirus,0.012593885347812807
10,second,0.0007505647025337295
11,are,-0.0004604808666794605
12,in,-0.0004381542955704415
13,of,0.0003422370380842765
14,and,2.4030012244835038e-05
