,term,net_val
0,Trump,0.2683889119233198
1,Tweets,0.11226772381207964
2,Infecting,0.08343630188596715
3,Rallies,0.0692623879616208
4,Democrat,0.06805078781534075
5,Spreading,-0.06370476594586662
6,Amounts,0.05018630084847558
7,Coronavirus,-0.022505188338300678
8,Supporters,0.022282689842370775
9,Large,0.01061618384583334
10,Support,-0.009446847491928187
11,Of,0.0028375413910476837
12,By,0.002513577854537914
13,At,0.0019402353929008356
14,Her,-0.0008725204635645004
