,term,net_val
0,19,-0.010766412833618587
1,COVID,-0.01068675752318296
2,could,0.008023082029669153
3,fears,-0.0018149536981583502
4,spiral,-0.001633016600833446
5,Festival,-0.0015460595861454883
6,nixed,-0.0014529287184051889
7,SXSW,-0.0014043135119028648
8,cancellations,0.0008764065179373597
9,due,-0.0007058388985186001
10,after,-6.286872556783091e-05
11,to,-2.589657921227672e-06
