,term,net_val
0,arrested,0.27182710708724506
1,fake,0.24711481706069952
2,spreading,-0.09029852380844715
3,Malaysia,0.09026810505486367
4,Five,0.08793972298902068
5,news,0.07867559810947632
6,coronavirus,-0.011328612028500908
7,in,0.003088823425498273
8,for,0.0029140284697450965
9,about,0.0012112573891301306
