,term,net_val
0,used,0.10987495166575285
1,benefits,0.09436198952053748
2,https,0.06903232965322356
3,cure,0.06722343643924474
4,China,0.0541284986778705
5,breakthrough,0.05264827787233151
6,Substantial,0.05171380311955894
7,recorded,-0.04459832755986554
8,co,-0.030014418042649732
9,IyJwUTTKbc,-0.02945177262707677
10,drug,0.026169573141082706
11,t,0.018528491824227455
12,Coronavirus,-0.009779195171214897
13,in,-0.0004287829488393744
14,after,-0.0003077231060830348
