,term,net_val
0,19,-0.22347316399762268
1,covid,-0.2215651313853089
2,Washington,-0.10563656417388939
3,sick,0.0632595115896918
4,kids,0.05606319041743
5,make,0.04227758862057775
6,Post,0.026530421328100722
7,coronavirus,-0.015936740985936868
8,Interesting,0.012876952851397583
9,The,0.004317144717678017
10,doesn,-0.002244316841919127
11,t,-0.0008844538205304961
12,with,0.0007741200588513897
13,Why,-0.0005355595011468182
