,term,net_val
0,Covid_19,-0.14680776395995063
1,contagious,0.05598566225203681
2,dangers,0.04223635190580393
3,Ignorance,0.04202985422104934
4,misinformed,0.04195562035856853
5,coronavirus,-0.01477130212045685
6,being,0.0006121946681405698
7,The,-0.0005614813612717004
8,of,-0.0002838345949540227
9,is,1.5124709951079448e-05
