,term,net_val
0,people,0.047416139467317965
1,homeless,0.040024746562127615
2,space,-0.02805849526503342
3,coronavirus,0.018328385490239022
4,motel,0.009685344369137263
5,secures,0.00901927348412012
6,isolate,-0.006243107763682281
7,Toronto,-0.001861752760918767
8,to,0.0006026645774557713
9,with,0.0005858725306382817
