,term,net_val
0,COVID,-0.02458077249910267
1,19,-0.02452490954558243
2,coronavirus,0.007837613899344755
3,Olympic,0.002307186064892497
4,Tokyo2020,-0.001414974900151741
5,statement,-0.000770019549956501
6,Board,-0.0007180236622249672
7,IOC,0.000660846185222836
8,Executive,-0.0006608197244537282
9,Games,-0.0006459932917478445
10,and,-0.00027215979708903503
11,on,9.176792625330849e-05
12,the,1.4409140967965847e-05
