,term,net_val
0,19,-0.12306865630861583
1,COVID,-0.12077189529410137
2,cases,-0.11511385592103641
3,Coronviru,0.03558593113272028
4,BC,0.033292532096072164
5,announces,0.016113761058367444
6,more,-0.0012641523483868124
7,of,-0.0011882553776400959
