,term,net_val
0,J,0.10235896966431297
1,confirms,-0.0760539716704396
2,men,0.06731383249992087
3,BREAKING,-0.041374638822945786
4,spread,-0.035279224751693296
5,Leading,-0.022653701999536917
6,Dr,0.012543679233185015
7,solely,0.012276366475625746
8,explained,0.012140304821950425
9,virologist,0.011894023386224526
10,Hardick,0.011784444224458481
11,B,0.005798753250586391
12,coronavirus,0.00455473894461005
13,the,0.0009475113451348515
14,by,0.00044315679854714827
15,is,-0.00020843836306298327
