,term,net_val
0,Oh,0.04981317191695592
1,virus,0.036930028906690046
2,cal,0.035015078956272164
3,foreign,0.03485496967799266
4,goodness,0.034081038017884285
5,townhallcom,0.03402582605839549
6,ChrisCuomo,0.03377228491183661
7,realDonaldTrump,0.029126456110631783
8,coronavirus,-0.02280313547659351
9,anyone,0.014296545258713003
10,my,0.001332276084432365
11,a,0.0010818963442769723
12,Can,0.0009835181580786724
13,is,-0.0006740001217285709
14,just,6.385175618103442e-05
