,term,net_val
0,potentially,0.13662839107697106
1,episode,0.05324463080387079
2,manufacturered,0.0528533490609171
3,Wahu,0.051350079121751234
4,PropagandaWars,0.051289176686073974
5,could,0.026507679981359618
6,Coronavirus,-0.021929524892577944
7,check,-0.01591544804005
8,Please,0.014221068177931838
9,latest,0.006425922060596233
10,a,0.0019864264209954914
11,The,0.0013949634678931302
12,out,0.0009997498523422084
13,be,-0.0009379062036962312
14,the,0.0007482101932005348
