,term,net_val
0,case,-0.1111081809137027
1,one,0.06245337063119018
2,updated,-0.040328213586438635
3,webpage,0.03650353293746384
4,light,0.03607669633354088
5,Toronto,-0.03233393680180506
6,local,-0.016685136563892585
7,coronavirus,0.016043495689988786
8,University,0.016015988893163666
9,the,0.0009178980805881724
10,in,-0.000799311217777019
11,on,-0.000797160778117535
12,its,-0.0007770634856516825
13,of,-0.0005252266851342669
14,The,-0.0004652722573169037
15,has,-0.00031471296416099435
