,term,net_val
0,19,-0.023432003674434806
1,COVID,-0.023059484598201153
2,2020,0.01578714957424129
3,canceled,-0.003812369316833429
4,due,-0.003401716074503549
5,JUNO,0.001396909563512943
6,Awards,0.0013841395039374883
7,have,0.00045243919607830616
8,to,0.00028806871150393454
9,The,-0.00027170786171392135
10,been,6.430278657655385e-05
