,term,net_val
0,19,-0.1795261055313561
1,COVID,-0.17757841416824408
2,forced,0.08987510745324889
3,promises,0.08038646018459789
4,research,0.07674332267655952
5,Trudeau,0.04617031804871912
6,1B,0.0426485186000344
7,isolate,-0.04032150746430049
8,workers,0.028224620323843114
9,support,0.021856980265474342
10,CANADA,-0.010384823604592896
11,to,0.002465413436317015
12,for,0.0003583774177843156
