,term,net_val
0,Market,0.14771097159789562
1,stocks,0.09946702130075705
2,Fear,-0.09878810490025078
3,real,0.09015091341917911
4,Hub,0.05701340883115021
5,volatility,0.056870858001352734
6,via,-0.04861481601276269
7,epidemic,0.048398198332632925
8,coronavirus,-0.008324593711159673
9,What,0.0016678428531096989
10,if,0.0005254563080818642
11,On,-0.0004691203282130781
12,the,0.00035779129339985366
13,is,0.0002969125056844332
