,term,net_val
0,Trump,0.08062187110950768
1,Tom,0.04963896950585321
2,banned,0.03923192582593468
3,covid19,-0.03817119485872507
4,NBA,-0.033537678811855584
5,travel,-0.030042525754542117
6,cancelled,-0.02794494518144461
7,Since,0.01876003703299982
8,Europe,-0.01115361209483585
9,9pm,-0.010971559853729555
10,coronavirus,0.010569660152870055
11,Hanks,-0.010220869939430076
12,season,0.003531744436020666
13,has,0.00014006148564812827
14,from,-5.87625576283579e-05
