,term,net_val
0,COVID,-0.056755671251238246
1,19,-0.05553004710943977
2,case,-0.04844606016777887
3,8,0.04492704095999899
4,new,-0.043545835617906224
5,community,-0.036238872093701406
6,C,0.033202990002929575
7,including,0.01613610656993774
8,B,-0.005338162277796263
9,infections,-0.0027422719562040492
10,identifies,-0.0008714197490168905
11,a,-0.0008464475617525801
