,term,net_val
0,China,0.08360513953530245
1,800,0.08290876522132436
2,leave,0.07833819154249724
3,prepares,0.057901873626988724
4,team,0.053527645162100866
5,Deaths,-0.024332392271596084
6,WHO,0.012575029742129842
7,coronavirus,0.011963214643880667
8,led,0.00968724166091761
9,climb,-0.0021641894737818427
10,over,0.001438721961354992
11,for,0.0010982851269117947
12,to,-0.0003600444528170688
13,as,0.00034007123914930133
14,from,-0.0001930261285271593
