,term,net_val
0,Lab,0.25017863174489213
1,coronavirus,0.21962167099101668
2,originated,0.12050328720160514
3,Chinese,0.10978652039001956
4,scientists,0.10791005163955043
5,19,-0.04581075056615978
6,says,0.04207190378503672
7,COVID,-0.04199228094982175
8,could,0.03295629973602528
9,from,-0.009664924171812323
10,Gov,0.003245358737930119
11,have,-0.0015549474426033375
12,a,0.00014848181006872673
