,term,net_val
0,beginning,0.1283081560563029
1,story,0.106908994842408
2,cdnmedia,0.08202620356010272
3,coronavirus,0.07138555124589378
4,see,0.06940181404404111
5,move,0.06662938873522548
6,blockades,0.037755526219948585
7,racism,0.024494172335204144
8,cdnpoli,0.019089268314619243
9,the,0.003178468479826723
10,on,0.0023454240413611706
11,from,0.0014780659462245132
12,are,0.0014390042224619413
13,to,0.0010156925096821373
14,I,0.0007101238985656557
