,term,net_val
0,claims,0.10221439791850637
1,products,0.07949210387060081
2,price,0.07873791373048644
3,removes,0.06704691714221304
4,outbreak,-0.06630127212779643
5,amid,-0.04704649621049007
6,misleading,0.04378352237541651
7,gouging,0.04017861117766914
8,million,0.027999013743974763
9,1,-0.02395458645225754
10,Amazon,-0.010004116211829513
11,coronavirus,0.003246423518459238
12,for,0.0009748699576618557
