,term,net_val
0,drop,0.023978998661000166
1,concerns,-0.02368980201857606
2,coronavirus,0.01797716234169143
3,Microsoft,0.004343301353490346
4,GDC,0.002886453190179471
5,EA,0.0028471036640570213
6,Sony,0.0028452388475349376
7,others,0.002719839774063789
8,of,0.00023306031975262455
9,over,0.00015443502019184531
10,out,0.00013554780297527337
11,and,9.43281446567506e-05
