,term,net_val
0,COVID,-0.09259124870054086
1,19,-0.09162291513585415
2,Public,0.03836016776894266
3,please,0.03408412537929346
4,latest,0.03119992168737108
5,updates,-0.026123685786475212
6,Health,-0.02504544001745431
7,visit,0.016654809616594487
8,coronavirus,0.015245413468022537
9,website,0.00904405804475547
10,at,0.0016007156012876173
11,the,-0.0006752783165540394
12,For,0.0006141253451452705
13,on,-0.000486676313806798
14,s,0.000279514196258872
