,term,net_val
0,inside,0.10335345976445844
1,health,-0.07535439554266848
2,Ford,0.05995838322545117
3,Doug,0.05870414957957423
4,excited,0.05123730706414265
5,onpoli,0.037630391344043904
6,CoronavirusOutbreak,0.033273514249271864
7,cuts,0.028636498868806964
8,Coronavirus,-0.021573490390659235
9,passenger,0.017083296197513424
10,public,0.01495145578357369
11,air,0.00973443212040568
12,s,0.001413594076582519
13,about,0.0013604924513753974
14,to,0.0011670166910978112
