,term,net_val
0,case,-0.09177612313821706
1,presumptive,0.04997630229882843
2,covid19,-0.04871132132725759
3,Alberta,0.034050703228329114
4,first,-0.029509395997045804
5,Breaking,-0.019677627599521384
6,coronavirus,0.013955557457660684
7,of,0.0010052165403436433
8,its,0.0005822509361091468
9,has,-0.00012336884269088582
