,term,net_val
0,fucked,0.05719407097252844
1,CoronaVirusSeattle,0.03753829544114976
2,bells,0.037509453066580475
3,alarm,0.037264205506671325
4,trying,0.02985211487169869
5,coronavirus,-0.024962692899495438
6,might,0.002763833703440846
7,ring,-0.0017480643462587956
8,all,0.0006507125724744621
9,be,0.0003481961085251653
10,not,0.0002155876608846791
11,but,-0.00021312144659664016
12,we,0.00020549354805052492
13,I,0.00020472086315635746
14,m,0.0001653075125259834
15,to,-7.744179448567647e-05
