,term,net_val
0,lying,0.10483860267734754
1,COVID19,-0.08482387030654816
2,would,0.059341398522590356
3,like,0.046935244604261614
4,look,0.045703908326583005
5,coronavirus,-0.021557556364958576
6,Coronavirus,-0.02125164440037998
7,China,0.014920745305464347
8,country,0.004614153411690702
9,wasn,0.0010145300607345925
10,it,-0.001001137039196759
11,by,0.000742457567615548
12,t,-0.0006361444234806636
13,What,-0.0004332018395511021
14,if,0.00019769248239156513
