,term,net_val
0,COVID,-0.08205452235544665
1,19,-0.08192852950488606
2,Ottawa,0.07729224638658906
3,case,-0.07242786884204892
4,COVID19,-0.03645712635731479
5,First,-0.024577519174422104
6,confirmed,-0.023740167966660716
7,ottnews,-0.005287442215484142
8,in,-0.0016851523868450053
9,of,0.0003995814506543661
