,term,net_val
0,Owns,0.09007937497681773
1,Bill,0.08976203227752798
2,PIRBRIGHT,0.057696807632764385
3,Institute,0.05760725619323021
4,CDC,0.044880346378191
5,Gates,0.0319943749049293
6,Patent,0.028581510351630715
7,Coronavirus,-0.022612870213427082
8,Funded,0.00448548812177629
9,Which,0.003222193160318406
10,On,0.0024051173156091035
11,A,0.0023095224443264156
12,The,-0.0002441918173942595
