,term,net_val
0,19,-0.0125924731553786
1,COVID,-0.012512657915571303
2,Coronavirus,0.005535973688904685
3,fears,-0.0020720360399880218
4,Olympics,-0.0020481780543203675
5,ceremony,-0.0015519507061403318
6,torch,-0.0015403264237704411
7,downsized,-0.0014311973352976394
8,Tokyo,-0.0004422597213765149
9,over,-0.0002335558954578671
