,term,net_val
0,flying,0.14492553323580076
1,coronavirus,0.09466422324790867
2,United,0.046367657634476006
3,hiring,0.045506512257136054
4,freezes,0.045414414548712825
5,slashes,0.045394822413779984
6,demand,0.04459822908508308
7,hit,-0.04176884814320859
8,Airlines,0.02867950544954174
9,on,0.0013487506294736604
