,term,net_val
0,Street,0.021107022863593703
1,drops,0.019823762829371774
2,coronavirus,0.016974301288101266
3,fears,-0.01678710388139546
4,grow,0.0084788068609566
5,1,0.008015315291553674
6,Wall,0.0007439834216930572
7,than,0.0003395007387408619
8,more,0.00019136513728039924
9,as,0.0001411709569513508
