,term,net_val
0,case,-0.11878554511201554
1,New,-0.10920147509934676
2,returned,0.04713371278746284
3,Colorado,0.034909283709703635
4,March,-0.02993903056388541
5,Toronto,-0.024173480696179875
6,2,0.019440960589053834
7,woman,0.019125421197342733
8,Coronavirus,0.009148784873223289
9,40s,-0.001502225275454365
10,on,-0.0008213854875438051
11,in,-0.00048664251141368356
12,her,0.00045990735222710405
13,of,-0.0002336265826352013
14,who,-0.00014197904225262295
15,from,2.3716180974018375e-05
