,term,net_val
0,Experts,0.04334380871496711
1,panic,-0.04092025971927989
2,offer,0.03824318442781798
3,quell,0.03818138877606372
4,Feeling,0.0306611628856698
5,19,0.02447152221103022
6,COVID,0.023654435751864475
7,anxious,-0.014957372351546372
8,pandemic,0.012281000055194488
9,coronavirus,0.009540881319970919
10,tips,-0.008772555767931263
11,to,0.00045040262233069547
12,about,0.0002811482477432263
13,the,-9.754647556208308e-05
