,term,net_val
0,Trump,0.15660310650082776
1,Americans,0.14379483371694304
2,Kills,0.07375684515684573
3,House,0.05695531020188152
4,White,0.055271032804744435
5,Melania,0.05504083021207664
6,Pavillion,0.042553978443608614
7,Tennis,0.04019204649259416
8,Tantrums,0.040007461859507605
9,Coronavirus,-0.023971661725452634
10,Over,0.005587398652992095
11,As,0.0012743364848022056
