,term,net_val
0,Bat,0.13645693114421223
1,Soup,0.13400511445675214
2,Eating,0.11920699231855059
3,Linked,0.10414480135703608
4,Chinese,0.09971542093495045
5,Coronavirus,0.0879514305113526
6,People,0.054825690720609395
7,to,0.006973266389319038
8,Video,-0.0035146031246698563
9,the,0.001644165298779312
