,term,net_val
0,sent,0.09347917230390149
1,Trump,0.0898248810629368
2,administration,0.050929155820927836
3,Exclusive,0.04405613474005015
4,gear,0.03794954139516749
5,protective,0.03737293597496361
6,greet,0.03722539194229924
7,without,0.03596552798536171
8,U,-0.034245061542310704
9,victims,0.022319330774187844
10,coronavirus,-0.01893006274026285
11,returning,0.015376356919323441
12,S,0.007847386165775743
13,Post,0.007116981667559869
14,to,0.001983147766733182
15,workers,-0.0011929775725016646
