,term,net_val
0,suggests,0.09354069251520854
1,everyone,0.07657597816512536
2,WATCH,0.058608802351278945
3,infecting,0.050599675653598915
4,Rick,0.04527222435975621
5,Santelli,0.04431459881364321
6,lessen,0.04327119588772074
7,coronavirus,-0.023942994965086572
8,impact,-0.022689282560776222
9,economic,-0.006724367281536439
10,with,0.0029943093555170543
11,to,0.0020026043301418065
12,the,0.0008179730068934751
