,term,net_val
0,Trump,0.1182115639411602
1,Health,-0.08739498664470935
2,Q4,0.07593685593907196
3,Services,0.07242691770827903
4,Salary,0.07220764750888821
5,Donates,0.06960332783082243
6,Human,0.06914923573938096
7,Research,0.05061437121751566
8,amp,0.044799765291707136
9,Help,0.02420080169595309
10,CoronaVirus,-0.021597409802642555
11,to,-9.129294829374723e-05
