,term,net_val
0,19,-0.0707335981511378
1,COVID,-0.07027352173116558
2,Coronavirus,0.03341931233494738
3,pandemic,0.018840883303287925
4,classifies,0.014590481931276862
5,as,0.001634221613932615
6,a,0.001631057193849001
7,WHO,0.0011946666278799532
