,term,net_val
0,kits,0.17718099141018884
1,awaiting,0.12672311945503928
2,8,0.10456512686763993
3,people,0.07790803382813505
4,California,0.07712224900642596
5,400,-0.06217489912077761
6,test,-0.052332404733952786
7,coronavirus,-0.01444594815459611
8,for,0.00380910467460601
9,monitoring,0.0010147765835893773
