,term,net_val
0,COVID,-0.033313508738800256
1,19,-0.033143466861962255
2,stop,0.013968974781898206
3,Facebook,0.004936825264973356
4,misinformation,0.004451741780452554
5,LOCAL,0.0021524100640273
6,BEYOND,-0.0005696096299488892
7,pledges,-0.0005063245715046837
8,Zuckerberg,-0.00044436136738896837
9,to,-0.0003049251161725754
10,on,0.00018932252624965576
