,term,net_val
0,19,-0.04758798383909421
1,COVID,-0.047545195565865256
2,economic,0.017251546169246325
3,combating,-0.014906143009073414
4,billion,-0.012809714433311477
5,impacts,0.012795991902108998
6,spend,0.011175353135637667
7,UPDATED,-0.010284312303510734
8,Canada,0.006172592596669171
9,1,0.00420846178821566
10,spread,-0.0020342746549613065
11,to,-5.758872826913094e-05
