,term,net_val
0,using,0.12116386316389861
1,researchers,0.06851332596652471
2,track,0.05625402817892007
3,data,0.03745048880187316
4,spread,-0.03459752435996801
5,coronavirus,0.01545628812698119
6,Canadian,0.01452681987111989
7,CANADA,-0.002099853007742752
8,to,0.0005586279094801232
9,are,0.00048650192346208064
10,How,0.00042251311997249495
11,of,0.00015319367259032814
12,the,2.2786218333233517e-05
