,term,net_val
0,Hold,0.09878914507652312
1,Trump,0.07656820794787761
2,Americans,0.07128440409887518
3,Static,0.07118706188712781
4,Stranded,0.0700955093089267
5,Flatly,0.0642947264368505
6,Admits,0.05377965989271667
7,d,0.03403094573659883
8,Numbers,-0.032179875831076954
9,He,0.03081092253880338
10,Coronavirus,-0.021358559844409583
11,Leave,0.00913162591309122
12,to,0.0027112148800703707
