,term,net_val
0,Change,0.07486705784198884
1,Travel,-0.050346302064957875
2,Due,-0.04700408015257057
3,Plans,0.025458421975672264
4,Options,0.02148608754413224
5,Coronavirus,0.020960572791680933
6,Need,0.012079612461262122
7,Are,-0.0003592972898486537
8,Your,0.0003022712479073162
9,These,0.0002694720973138268
10,to,-0.00018574063073432067
