,term,net_val
0,knife,0.11525210851077414
1,draws,0.11457344493670063
2,Australian,0.11322028147701718
3,shopper,0.11148417882878774
4,toilet,0.09598341058546293
5,stockpiling,0.08453945997751312
6,amid,-0.07354940195740424
7,fight,0.06177860466315634
8,paper,0.04093752538367535
9,coronavirus,-0.022329321356433788
10,over,0.002956587881983752
11,in,-0.0007503576889459691
