,term,net_val
0,COVID,-0.09391791703399238
1,19,-0.09366314838301897
2,cases,-0.08254005352452985
3,new,-0.07446411247917381
4,C,0.048172550114152904
5,confirms,-0.044154944888851626
6,workers,0.02073859394550536
7,B,-0.01688421357504212
8,2,0.014572988783416651
9,health,-0.014501873817452882
10,care,-0.010452755569999594
11,Coronavirus,0.007487485032669034
12,7,0.006885045313104096
13,them,0.0024344238383472083
14,of,-0.0017013638221578759
