,term,net_val
0,positive,-0.06872294899753396
1,Rugani,0.022475693718248747
2,Juventus,0.022437712323591083
3,Daniele,0.022386516777950123
4,coronavirus,0.021570288484234344
5,announced,-0.01820100857593362
6,tested,-0.004363169959798424
7,for,0.00024278041016478845
8,have,-0.00015574983429739867
9,that,-0.00014131790053556473
10,has,-4.625569364239212e-05
