,term,net_val
0,lies,0.0706583327242543
1,aTeXan575,0.05004627253372393
2,listen,0.04948755705495963
3,Watch,0.03630178214941253
4,RT,0.02770762244318124
5,CoronaVirus,-0.0196903096207689
6,China,0.0064117469389565595
7,learn,-0.006379480097233502
8,and,0.0006331009339374169
9,about,0.00045778358819327877
