,term,net_val
0,20,0.05380833510209219
1,Drugs,0.04252528014135895
2,due,-0.0350915927902644
3,Monitoring,0.027470479914597577
4,Coronavirus,0.021207880220099482
5,FDA,0.016130789951335954
6,Shortage,0.015949039731044196
7,Risk,0.00327333988962713
8,to,0.0006566169348193406
9,of,0.0004343694620314385
10,at,0.0003201749799005214
