,term,net_val
0,suggests,0.15042202856714876
1,CDC,0.07986360305952239
2,National,0.07598822681655783
3,hair,0.05414386920116144
4,shave,0.05412524718741679
5,facial,0.0534971424410209
6,people,0.03764132938958181
7,contracting,0.034582587306761114
8,coronavirus,-0.023659677590460546
9,avoid,0.014139378403994374
10,to,0.003747333342117077
