,term,net_val
0,invented,0.09782500440932893
1,Obama,0.06621808481658395
2,calories,0.04937617565311331
3,standardized,0.04833863162210659
4,DM,0.04807725658423321
5,Apparently,0.04676287499844058
6,testing,-0.04027646819812555
7,also,0.03753338277246516
8,cuts,0.02618205178414834
9,coronavirus,-0.0208177489196847
10,paper,0.0181634224848761
11,the,0.003023882423968962
12,not,0.0020432109917262312
13,only,-0.0011293517480144614
14,he,0.0009357456652811359
15,and,-0.00025008502002160903
