,term,net_val
0,War,0.07235133476100986
1,Online,0.06760247909470125
2,Sparks,0.06022621013249457
3,Orders,0.02537683744799188
4,Delivery,0.021645235895968153
5,Spikes,0.020870835171479578
6,Coronavirus,0.011793992328664222
7,Scare,0.009188082713610532
8,Amazon,-0.0017869249086869016
