,term,net_val
0,19,-0.05033805295471584
1,COVID,-0.04925554369377147
2,cases,-0.03865755151564384
3,Ontario,-0.02461427041167787
4,Trudeau,0.02383462769876011
5,announces,0.012363888861357008
6,Coronavirus,0.01166865738089714
7,updates,-0.011271610456032982
8,Justin,0.009367286614147853
9,17,0.006897992526888159
10,self,-0.004075397521258012
11,isolates,-0.002624387255356151
12,more,-0.0009020261631906777
13,of,-0.0003631454907189407
14,as,8.043608535424941e-05
