,term,net_val
0,19,-0.06263074894965377
1,COVID,-0.06240470312014704
2,racism,0.045240457555871146
3,stop,0.023703914239648436
4,coronavirus,0.016207524317061576
5,outbreak,-0.010058930181853486
6,spread,-0.0027957886476780917
7,to,0.0008577555563844293
8,How,0.0007373211354227638
9,of,0.0006496332087208606
10,the,0.0002225252606507108
11,during,-0.00016411833649533414
