,term,net_val
0,19,-0.10852743291700308
1,Covid,-0.10659658228246846
2,financial,0.05520416404518943
3,CoronaVirusCanada,0.05096041128504322
4,COVID19,-0.048069059413993434
5,CoronavirusPandemic,0.04445562836832821
6,overseas,-0.026502837141707355
7,relief,0.019101912332877977
8,pandemic,0.0150276180227499
9,Short,0.011241260902471342
10,term,0.01104216083976215
11,during,0.0018273796754470781
