,term,net_val
0,Coronavirus,0.01953358428495898
1,ought,0.018694244177279138
2,reasons,0.014718386817929556
3,Ten,0.012272306499873235
4,panic,-0.003977508661355821
5,you,0.0002658465381717688
6,to,0.00014764024715855343
7,why,6.960170083509003e-05
8,not,3.539782013397334e-05
