,term,net_val
0,everyone,0.14129337541564296
1,infecting,0.09623259211433292
2,campaign,0.05937738756732381
3,Maybe,0.05780551948425956
4,mission,0.057418147778401464
5,thin,0.057351270780877525
6,herd,0.05667927220559622
7,Coronavirus,-0.027845310627498086
8,entire,0.01848002215484056
9,his,0.0036037073721152772
10,out,0.002615913602370883
11,is,0.0007932459923656842
12,to,0.0006071014596859845
13,the,-0.0001719704534640878
14,with,-0.00015026488370265876
15,by,6.093027977531004e-05
