,term,net_val
0,19,-0.011538535442356054
1,COVID,-0.011372697552616728
2,case,-0.0074225119326194276
3,community,-0.004877095101098912
4,Canada,0.003913095434520244
5,means,0.003252608157398831
6,confirms,-0.002014713919371362
7,Here,0.00033391467404863596
8,s,0.00030656552180303195
9,first,-0.0002714152395127948
10,what,-0.0002475070203996816
11,that,-0.00016155799723589754
12,of,-0.00010350221481903071
