,term,net_val
0,declares,-0.062129124369271864
1,China,0.057196731446106694
2,emergency,-0.052270418593739446
3,says,0.04955841382006991
4,Trudeau,0.046609542490534686
5,yet,0.038048619595427914
6,airlift,0.0344267996572643
7,timeline,0.032484152535071566
8,coronavirus,0.01669079457614688
9,global,-0.006646522248913026
10,as,0.000578714247608012
11,WHO,0.0005509273066589917
12,a,0.00041772813831424035
13,for,0.00010599136887711338
14,no,2.6242110302238775e-05
