,term,net_val
0,China,0.04425136918251744
1,Urges,0.03511366894225989
2,Travel,-0.033357062187023036
3,Updates,-0.026596916046782677
4,State,-0.01793262303712022
5,Coronavirus,0.014215371574014545
6,Department,0.012246363288900325
7,200,0.012007003521410507
8,Surpass,0.011563243982575383
9,Live,0.0091624258486775
10,Deaths,-0.001238181391432071
11,Against,0.00038642998318481767
12,to,-0.00019680287379821165
13,and,0.00010868070678877992
