,term,net_val
0,New,-0.015066675996052827
1,coronavirus,0.009772246203217918
2,declared,0.008473538988116518
3,climbs,0.008166802470754254
4,patients,0.007869888371498547
5,number,0.0068376188849602944
6,York,-0.006557501129990055
7,emergency,-0.005314473243786132
8,State,0.0006824208456802013
9,of,0.00017123663069509086
10,as,-7.510482158832736e-05
11,in,6.718568621954629e-05
