,term,net_val
0,19,-0.024082228893663897
1,COVID,-0.02327120272321743
2,try,0.019772841503115226
3,community,-0.012355284166429663
4,Chinese,-0.008383403620004087
5,Canadian,-0.007908509284568032
6,among,0.0047207891484861726
7,health,-0.0035636989025342914
8,misinformation,0.0033124489871727593
9,dispel,-0.002407726543258036
10,British,0.002400170133804187
11,officials,-0.0021629998733469647
12,Columbia,-0.0009881934112957087
13,to,-0.00019641108583831761
