,term,net_val
0,lie,0.3527336517874405
1,us,0.13018963973954878
2,coronaviruse,0.08908729246012874
3,koshtorontosun,0.08862178420734786
4,t,-0.029744822427051152
5,Don,-0.029344187700901962
6,to,0.004969095420884375
