,term,net_val
0,Door,0.14864575703377386
1,Smeared,0.08550141540456503
2,Houses,0.08337195950646104
3,Sauce,0.08320335589652317
4,Miracle,0.08201263759428241
5,Passes,0.08032478995060896
6,Posts,0.04140980650834697
7,A,0.03358187674630347
8,Chick,0.03323552922375307
9,Coronavirus,-0.014444532165291946
10,Fil,0.008992398102551757
11,With,0.0015803651000711445
12,On,0.0014116032606378407
13,Over,0.0005738172231774236
