,term,net_val
0,novel,-0.1189409044831042
1,last,0.11019240274706255
2,discharged,0.08087814791467837
3,morning,0.07623370458633262
4,Sunnybrook,0.055648266484542325
5,hospitalized,0.053928631632416534
6,week,-0.03221010700191397
7,home,-0.020385680288585537
8,coronavirus,0.010465254161401335
9,patient,-0.0032260424831882365
10,the,-0.0010166416204721697
11,was,0.0006492388441238249
12,with,0.0006177308215437208
13,This,0.00011682810072071255
14,who,-5.815300972501365e-05
