,term,net_val
0,COVID,-0.15615435567034602
1,19,-0.1543271645023033
2,epidemic,0.05827573423267707
3,news,0.05457430176214165
4,Follow,-0.03716880614742132
5,Italy,0.01276817992716473
6,COVID19Italia,0.00907764488734315
7,coverage,-0.007453486057598787
8,coronavirus,0.007331591345325266
9,live,0.0031015910152680736
10,the,0.0023949670664292987
11,from,-0.0007517548052684658
12,on,-0.00010616009808676277
