,term,net_val
0,prepared,0.08735600916991546
1,scenarios,0.0447478548731736
2,possible,-0.03376576943703661
3,Canadians,0.021843649355378213
4,coronavirus,0.02182851212195692
5,s,-0.01669512865703011
6,Here,-0.01632264350171885
7,for,0.0006499314197503329
8,be,0.0003520945522509197
9,can,9.1591895158041e-05
10,how,5.717264643273213e-05
11,all,3.334884118306401e-05
