,term,net_val
0,says,0.02603350256654851
1,offices,-0.01899609469220831
2,positive,-0.014263971051885498
3,coronavirus,0.0133086012916685
4,tests,0.005637706483783414
5,employee,-0.0034607351541242172
6,London,-0.002097730322215119
7,shuts,-0.00024956964710797153
8,for,0.0001935323376228914
9,KKR,4.947658363862851e-05
