,term,net_val
0,Videos,0.1746504417590124
1,Iranians,0.12108305366735654
2,me,0.09709640003632024
3,shrines,0.09541142117640186
4,holy,0.09346988641438803
5,LICKING,0.09184041950544089
6,outbreak,-0.08141634036355457
7,that,0.036903056486344156
8,s,0.034123731982472344
9,show,-0.027651893309446035
10,coronavirus,-0.01826237564333338
11,despite,0.010363324160347685
12,and,0.0036688384416113744
13,no,-0.00175312005804059
14,a,0.0015121650034600627
15,from,5.2890829767944564e-05
