,term,net_val
0,look,0.06264689735057291
1,Chinese,0.054897649396884095
2,Sport,0.049044410322560156
3,Prix,0.04839166987048881
4,Ross,0.04835998144094645
5,reschedule,0.048295322349668005
6,Brawn,0.04776896556252419
7,F1,0.04775173650684591
8,Grand,0.047567405716573315
9,Coronavirus,-0.022159197152512976
10,says,0.014312959040455295
11,BBC,-0.01366626030658221
12,to,0.0014718621999041867
13,will,0.0010742553961569183
