,term,net_val
0,19,-0.009184361095336147
1,COVID,-0.00915656250999896
2,cases,-0.005587025272741532
3,reports,0.0017031200271150004
4,Kuwait,0.0014768177452370009
5,first,-8.570759828088036e-05
