,term,net_val
0,19,-0.09809576527506864
1,COVID,-0.09666616396093912
2,see,0.05484272278002322
3,story,0.04640302986319422
4,https,0.044245839878659175
5,PSA,0.02321755184661863
6,Top,-0.01506905027055653
7,co,-0.013376414809811873
8,t,-0.013285024866086188
9,ArOEa0YQV1,-0.011704971245172897
10,Coronavirus,0.00927712915370376
11,Elad,-0.003213057491886899
12,Blog,-0.001985480336213579
13,more,-0.001326028151392693
14,for,-0.0011475371635259594
15,Startups,-0.00021697638976885886
