,term,net_val
0,ocean,0.11771426005766958
1,coachella,0.11545596516644673
2,frank,0.11497145418035452
3,creating,0.035872941905272474
4,coronavirus,-0.026914854380975402
5,perform,0.025056224022015013
6,to,0.0020365466106548095
7,so,0.0017289454655967085
8,wouldn,0.0010819051263088776
9,have,0.0009989403905802147
10,the,0.00098566548864322
11,at,0.0006563945082945623
12,after,-0.00037014569065597637
13,t,-0.00021467557293340295
14,he,0.0001608118905035699
