,term,net_val
0,US,0.04994969010938231
1,3,-0.03850155341410248
2,8,-0.03326362474434035
3,emergency,-0.029193567051142778
4,billion,-0.024238316339864986
5,response,0.023461693416459383
6,coronavirus,0.015442288707361973
7,funding,0.004497545897729477
8,in,-0.0032929747910305516
9,for,-0.0016030012984481073
10,approves,0.001521871546990534
11,Congress,0.0005965668350512226
