,term,net_val
0,Dr,-0.13669364375495383
1,preventing,-0.07916292626041686
2,infection,-0.040169504607525094
3,Timely,0.030040529186476615
4,h,0.029910498703005568
5,Maheshwari,0.02948078635615007
6,tips,-0.018156816038904934
7,coronavirus,0.004120472078709492
8,by,-0.00049541300154664
9,our,-0.00048244766709940035
10,own,-0.000417841940725728
11,a,0.00011013954931936462
12,on,6.419185316803848e-05
