,term,net_val
0,Florida,0.07708764499014582
1,meth,0.060854627919678515
2,contaminated,0.060436608928131096
3,police,0.05895275834655719
4,dept,0.058943707402065094
5,test,-0.05486943331769252
6,free,0.04789346448860879
7,coronavirus,-0.02969737493472594
8,it,0.002864675709259033
9,with,0.0028003662207445176
10,Is,0.0024701918412922655
11,This,0.001823974896180514
12,your,0.0009584284702174534
13,will,-0.00013237548023339722
14,for,-5.642227593281653e-05
