,term,net_val
0,New,-0.09198039432119318
1,study,0.053170540455804584
2,know,0.050364744002752315
3,little,0.03998021201850327
4,SmartNews,0.03619458255686244
5,coronavirus,0.01728719325448383
6,spreading,-0.015256596077272009
7,opener,-0.014611209407673865
8,eye,-0.013273952533432585
9,on,-0.001000888887432768
10,is,0.0005432550380360623
11,an,0.0005303183420771806
12,how,0.0003697631197177755
13,we,-0.0002382330584979588
14,and,8.733239416481617e-05
