,term,net_val
0,Italy,0.016119985643615466
1,coronavirus,0.014849005337654401
2,Payments,0.012077935482465317
3,mortgages,0.012029440670017948
4,due,-0.007760938675964605
5,suspended,-0.0035407556281279
6,outbreak,-0.002558877090019561
7,in,0.00021922768241297244
8,be,0.0001782563595507608
9,the,0.00015713780768001728
10,are,-0.00014386940041478418
11,on,3.794817575403905e-05
12,to,-1.6200828309787832e-05
