,term,net_val
0,bat,0.08028575452011193
1,soup,0.0802057143141341
2,tried,0.03802013565211321
3,Coronavirus,-0.030449073309184938
4,Drizz061,0.02777081954363042
5,totally,0.02760570953923335
6,worth,0.026960456370780747
7,even,0.025138692558852087
8,you,0.0028300376675297768
9,it,0.0022741582677360604
10,is,0.0021184560179610535
11,Have,0.0008816006036343375
