,term,net_val
0,Josh,0.03093328914079243
1,exposure,0.030930790311331204
2,Matlow,0.03078043528248129
3,isolation,0.0307751756202208
4,Councillor,0.030761880753916514
5,coronavirus,0.02320598152193151
6,Toronto,-0.007600073634550793
7,in,0.0006519325921555895
8,after,0.00042451403699726953
