,term,net_val
0,COVID,-0.010338981563414989
1,19,-0.010112733466204256
2,cases,-0.0065621903848870535
3,new,-0.005343305753090952
4,Ontario,-0.003263460445909929
5,3,0.001966325119296461
6,province,-0.0017241688984386831
7,18,0.000827650098075161
8,total,-0.0007857378807210743
9,of,-0.00011504878196106362
10,now,0.00010795723021643384
11,in,-6.931898934232951e-05
12,at,-5.2704929501097567e-05
