,term,net_val
0,everyone,0.1442128359250066
1,Mayor,0.07410090241604995
2,blogTO,0.07393459259730888
3,JohnTory,0.07355239827852504
4,also,0.07152550129857374
5,spreading,-0.06444588698108375
6,racist,0.06244114606068702
7,Toronto,-0.060620261949712984
8,misinformation,-0.04844815168738095
9,coronavirus,-0.017042625415458947
10,in,0.0015250906172328302
11,that,0.0009704655805445542
12,is,-8.598254390017637e-05
