,term,net_val
0,COVID,-0.0853638333950302
1,19,-0.08450974982054957
2,Hamilton,0.06376260620873243
3,public,0.038777553932800794
4,says,0.037659366601843096
5,positive,-0.034818797904236316
6,health,-0.022627766023208706
7,Physician,0.018230272582208603
8,Coronavirus,0.015365347112887569
9,for,0.0018919986202160415
10,tested,-0.0010443052090377298
