,term,net_val
0,China,0.05357458831687133
1,WORLD,0.04534124450473837
2,Air,0.04414816307160821
3,cancels,-0.035548115557600735
4,coronavirus,0.017713077151992048
5,select,0.016520186196274402
6,spreads,-0.01364063096113888
7,Canada,0.006460608264329067
8,flights,-0.0005728841701260073
9,to,0.0005199899942845777
10,as,0.0005034794932517146
