,term,net_val
0,COVID19,-0.07901848526008254
1,combat,-0.06652928331988105
2,coronavirus,0.03884594040923091
3,how,-0.0009991007345174498
4,you,-0.0008465678151871819
5,s,-0.0007958800809237703
6,Here,-5.596622077937734e-05
