,term,net_val
0,brexit,0.14677005328913245
1,hold,0.13795511046649428
2,beer,0.08714156702507175
3,xenophobia,0.07106459661660326
4,great,0.04992186968157994
5,fuelling,0.04469048901405827
6,racism,0.044060594442692225
7,job,0.03459488668836071
8,coronavirus,-0.019093372932355593
9,sure,0.012678468303228002
10,no,0.0028582177987804113
11,a,0.00271942103197737
12,did,0.0024488221536740837
13,my,0.0017030018328011436
14,I,0.0005095709339633483
15,and,-0.000389695940960288
