,term,net_val
0,novel,-0.08170313437300548
1,COVID19,-0.06327680656771208
2,know,0.04975437552629139
3,via,-0.017510954535897145
4,coronavirus,0.014357818552476292
5,AFP,0.0034345455581707464
6,From,0.0008615457856671671
7,WHO,0.0008527799464528332
8,about,-0.0006191893374175447
9,What,-0.0004694839597788185
10,the,-0.00016912502991184723
