,term,net_val
0,COVID19,-0.06639707574725875
1,cdnpoli,0.045540068527101164
2,Practice,-0.040617116658085664
3,distancing,-0.02552076149035931
4,coronavirus,0.013412852043614549
5,social,-0.0075267465234044005
