,term,net_val
0,COVID,-0.15355918467581642
1,19,-0.1510944417400021
2,community,-0.11153223044344197
3,Today,0.06934966948074614
4,focussed,-0.047613077187696695
5,spread,-0.03466744071470135
6,response,0.019797835967013924
7,preparing,-0.017846295379315244
8,session,-0.015801841526916827
9,planning,-0.01502305771036662
10,for,0.0030260330590339097
11,on,0.0011297737284116478
12,s,-0.0010167906434998277
