,term,net_val
0,Wuhan,0.0656304187427989
1,Stay,0.04882590772179193
2,SuMoh7,0.046354159813606896
3,WuhanVirus,0.040773682553085284
4,Pls,0.03914733559998374
5,WuhanCoronavirus,0.03671154133837605
6,Safe,0.034175912083869206
7,RT,0.03354667258701635
8,Virus,0.028608909571041247
9,retweet,0.023379567181222676
10,Coronavirus,-0.01348216816778442
11,The,0.0013965366070022613
12,How,0.0010128239269681216
13,PSA,-0.0006568561087438615
14,to,2.2205741503542702e-05
