,term,net_val
0,19,-0.05699284895648677
1,Covid,-0.056757091141911735
2,fuel,0.03884234338163612
3,could,0.02974855028996932
4,outbreak,-0.009933646573580309
5,panic,-0.004857703773207432
6,global,0.0029643844914585883
7,PharmaTechFocus,0.002792692664315549
8,misinformation,0.0023403969358879967
9,how,0.0016132053526616253
10,via,-0.0011637704619635266
