,term,net_val
0,19,-0.03566288547049484
1,Covid,-0.03528665265711232
2,virus,0.030408181580121377
3,case,-0.029064119637120894
4,cleared,0.012614310333869774
5,Canada,0.008066348266359265
6,First,-0.006402816547251491
7,now,0.00046009785724934017
8,the,-0.00039937482241775226
9,of,-0.0003724732726850736
10,in,-0.00016609985536085716
