,term,net_val
0,theory,0.050347745252132974
1,condoms,0.035852150115021936
2,CoronaVirusChallenge,0.0356412557706048
3,HIV,0.03558044631442979
4,Wear,0.027419354044130914
5,stop,-0.024974810712292256
6,CoronaVirus,-0.02170364553170979
7,s,0.014704410666993822
8,that,0.014610365516734513
9,hands,0.008824336672335377
10,it,0.001192759985888803
11,my,0.0006634282922602579
12,If,0.0006418960238347544
13,on,-0.0005203224614289865
14,your,0.00017137632690213524
15,can,9.438115456076134e-05
