,term,net_val
0,New,-0.0621742113787385
1,says,0.023950919628662765
2,York,-0.020021385415183834
3,chief,-0.0192054076274965
4,positive,-0.018033858573167357
5,Gov,0.014863959997512038
6,Authority,-0.013637993756438812
7,coronavirus,0.0102684428196895
8,Cuomo,-0.00893826650318743
9,Port,-0.0073608296944934915
10,Jersey,-0.004185288215459528
11,tests,0.00230511877706921
12,for,-0.0009135016199804149
13,and,-0.0005362268725689246
14,of,3.047224975362314e-05
