,term,net_val
0,case,-0.08236938922297703
1,Iran,0.07652454976441217
2,Ontario,-0.052983819065964055
3,5th,0.029866071368557092
4,woman,0.026756578194800252
5,coronavirus,0.0167197482828989
6,recently,-0.010546236409544812
7,who,-0.0009551415894629121
8,in,0.0007389481255512786
9,was,0.0006147640414416147
10,a,0.00019612135745234932
