,term,net_val
0,Wuhan,0.05722351455084912
1,media,0.04354647283192286
2,State,-0.01487938027868163
3,Coronavirus,0.013508818762159085
4,hospital,-0.011717568163028073
5,rises,-0.009356524284987806
6,1900,0.0088696073421486
7,director,0.00871587694841653
8,almost,0.008281595869903766
9,reports,-0.007158735406120717
10,global,-0.0018966229076088127
11,toll,0.0012989421391045647
12,death,-0.0005908632779303219
13,to,0.000357265556123806
14,as,0.0003161094558494977
15,of,8.113174498449797e-06
