,term,net_val
0,case,-0.2087717989572464
1,Fake,0.17605287887723256
2,alert,0.13978206367121207
3,RVH,0.09505037037588343
4,ignore,0.09454827631341503
5,news,0.05749037271154005
6,says,0.048267765647481656
7,saying,0.04826603736933189
8,posts,0.044289184036052386
9,coronavirus,-0.006989936466904258
10,of,0.003544083552285774
11,a,0.0016778661504651985
12,there,0.0009490465197416864
13,is,0.0004953957057019962
14,here,-1.6243091861879716e-05
