,term,net_val
0,Covid,-0.2084349186164888
1,19,-0.19968247793013416
2,Trump,0.17954972737737585
3,Already,0.12114421771233845
4,Travel,-0.08994917422459144
5,Bans,0.08014539934125291
6,Europe,-0.04380737334325782
7,but,-0.042503774886696044
8,Here,0.005945044213105108
9,Is,-0.005240055637624691
10,From,-0.0013490073915648799
