,term,net_val
0,cases,-0.034616698442867584
1,NEW,-0.030565605870972942
2,new,-0.030300875776656293
3,country,0.022123527525441236
4,raising,0.01661264682671261
5,Sweden,0.01632741380606743
6,coronavirus,0.011556652206404497
7,5,0.011455358824805952
8,total,-0.010075290418204668
9,7,0.009496964662580954
10,reports,-0.0013524902095424422
11,of,0.0005355895827001755
12,s,-0.0004812881789768658
13,to,8.418922862782741e-05
