,term,net_val
0,Still,0.05473374010827378
1,Numbers,-0.04827296953411795
2,Coronavirus,-0.032376667154941315
3,Tell,-0.018774229786071076
4,Data,-0.013590845009777098
5,Latest,-0.006507277754184313
6,Misleading,0.0015378207500183739
7,Here,-0.00045763393384917544
8,Don,-0.00031732929117208334
9,Is,0.0001680494518900674
10,t,-9.964214308712359e-05
11,You,-7.485349610089677e-05
12,s,-2.8502327781890026e-05
13,the,-2.7409548007610415e-05
14,What,-1.3318603084068472e-05
