,term,net_val
0,guy,0.08459370019753952
1,bribe,0.07485632881804369
2,African,0.07467993965997946
3,cops,0.0742801181657365
4,CoronaVirusUpdates,0.0736050886864532
5,go,0.03275486501549048
6,take,0.03256187677227291
7,amp,0.029586020494210472
8,CoronaVirus,-0.021111505544338535
9,South,-0.018083229762471925
10,let,0.015476722385803065
11,a,0.0026366482076480954
12,the,-0.0016743421600190589
13,will,0.0012408706979057413
