,term,net_val
0,19,-0.0641020260309001
1,COVID,-0.06329489921859897
2,New,-0.045077481422044464
3,given,0.04365641294556372
4,World,0.028848075272971545
5,Organization,0.015129118977922419
6,name,0.014317400500043698
7,Health,-0.013716993738482267
8,coronavirus,0.013290307071927498
9,by,0.0005354821936113179
