,term,net_val
0,19,-0.06513361923799323
1,COVID,-0.06504580554990183
2,virus,0.04665965202695739
3,also,0.04532940320954064
4,Ontario,-0.03297696218240417
5,positive,-0.025451210992439906
6,fifth,0.013947652712607101
7,Husband,0.013668717501016319
8,patient,0.00785691182923587
9,tests,0.0019650836581613174
10,of,0.0010808873137488249
11,s,0.0008395535313292303
12,for,-0.0002486096550181358
