,term,net_val
0,CoronaVirusUpdates,0.15205323424111905
1,cover,0.13190187192397484
2,COVID19,-0.11881981805865924
3,Western,0.10511028418883579
4,authoritarian,0.10465737895298718
5,outbreaks,-0.07711490852881726
6,China,0.058930587681910146
7,government,0.04522897757441847
8,concerned,0.04365948562796851
9,coronavirus,-0.005687758553211214
10,up,0.0001655525228132059
11,will,9.300463358486827e-05
