,term,net_val
0,buy,0.11192887326551851
1,could,0.06367624926923073
2,time,-0.05465883669077093
3,U,-0.048496820908778014
4,distancing,-0.02854601399981556
5,valuable,-0.023851248590248918
6,S,-0.01729944127776747
7,coronavirus,0.016495850064112628
8,Social,-0.010452928798414723
9,against,-0.0005646814445422003
