,term,net_val
0,cases,-0.030975169923218113
1,New,-0.027888092773303837
2,new,-0.02738993751121127
3,York,-0.015066158458180356
4,Gov,0.014050560820296806
5,confirms,-0.013903876507516986
6,Coronavirus,0.009674919976803961
7,overnight,0.006290038596486555
8,Cuomo,-0.005952125394429429
9,doubled,0.005632573420638195
10,state,-0.005032300565893665
11,11,0.0037961399095735146
12,infections,0.001305688881136056
13,in,-0.0007705499166806542
14,as,-0.0004284170885772881
